,date,time,team2,score1,score2,year,day_of_week,is_weekend,day_of_month,month,quarter,day_of_year,week_of_year,season,is_month_start_end,hour,minute,time_of_day,is_work_time,decimal_time,is_afternoon,days_until_weekend,days_until_end_of_month,scorediff,avg_scorediff_by_team,games_played_with_team,cumulative_scorediff_with_team,win_ratio_with_team,avg_scorediff_by_season
0,2023-11-26,16:30:00,СШОР №1 Московского района,4.0,2.0,2023,6,1,26,11,4,330,47,3,0,16,30,2,1,16.5,1,6,4,2.0,2.0,1,2.0,1.0,0.5704697986577181
1,2023-12-03,21:00:00,СШ №2 ВО Звезда-д,3.0,1.0,2023,6,1,3,12,4,337,48,0,0,21,0,3,0,21.0,1,6,28,2.0,2.0,1,2.0,1.0,-0.525
2,2023-12-10,20:00:00,Царское Село-Динамо,0.0,1.0,2023,6,1,10,12,4,344,49,0,0,20,0,3,0,20.0,1,6,21,-1.0,-1.0,1,-1.0,0.0,-0.525
3,2023-12-17,21:30:00,СШ Ленинградец,2.0,6.0,2023,6,1,17,12,4,351,50,0,0,21,30,3,0,21.5,1,6,14,-4.0,-4.0,1,-4.0,0.0,-0.525
4,2023-12-23,19:30:00,Кировец-Восхождение 2007,3.0,1.0,2023,5,1,23,12,4,357,51,0,0,19,30,3,0,19.5,1,0,8,2.0,2.0,1,2.0,1.0,-0.525
5,2024-01-13,20:30:00,Кировец-Восхождение мол.,2.0,1.0,2024,5,1,13,1,1,13,2,0,0,20,30,3,0,20.5,1,0,18,1.0,1.0,1,1.0,1.0,-0.525
6,2024-01-28,19:50:00,ФК Звезда,2.0,2.0,2024,6,1,28,1,1,28,4,0,0,19,50,3,0,19.833333333333332,1,6,3,0.0,-0.3333333333333333,9,0.0,0.3333333333333333,-0.525
7,2024-02-04,21:10:00,Динамо-2,1.0,4.0,2024,6,1,4,2,1,35,5,0,0,21,10,3,0,21.166666666666668,1,6,25,-3.0,-2.3333333333333335,3,-3.0,0.0,-0.525
8,2024-02-06,21:00:00,Тосно,5.0,3.0,2024,1,0,6,2,1,37,6,0,0,21,0,3,0,21.0,1,4,23,2.0,2.0,1,2.0,1.0,-0.525
9,2024-02-25,19:40:00,С.П.Б. К.Л.С.,2.0,1.0,2024,6,1,25,2,1,56,8,0,0,19,40,3,0,19.666666666666668,1,6,4,1.0,-1.0,4,1.0,0.25,-0.525
10,2024-03-02,21:30:00,Кировец-ГУТИД,2.0,1.0,2024,5,1,2,3,1,62,9,1,0,21,30,3,0,21.5,1,0,29,1.0,-1.75,4,1.0,0.25,1.1627906976744187
11,2024-10-25,22:00:00,ПСПбГМУ,21.0,0.0,2024,4,0,25,10,4,299,43,3,0,22,0,3,0,22.0,1,1,6,21.0,9.666666666666666,3,21.0,1.0,0.5704697986577181
12,2024-11-01,21:00:00,РГПУ им. Герцена,0.0,0.0,2024,4,0,1,11,4,306,44,3,1,21,0,3,0,21.0,1,1,29,0.0,0.3333333333333333,9,0.0,0.3333333333333333,0.5704697986577181
13,2024-11-15,21:00:00,СПбГУТ,1.0,5.0,2024,4,0,15,11,4,320,46,3,0,21,0,3,0,21.0,1,1,15,-4.0,-0.25,12,-4.0,0.4166666666666667,0.5704697986577181
14,2024-11-22,18:00:00,СПбГУПТД,7.0,0.0,2024,4,0,22,11,4,327,47,3,0,18,0,3,0,18.0,1,1,8,7.0,0.12,25,7.0,0.4,0.5704697986577181
15,2018-05-14,20:15:00,Горный университет,7.0,0.0,2018,0,0,14,5,2,134,20,1,0,20,15,3,0,20.25,1,5,17,7.0,2.4615384615384617,26,7.0,0.6153846153846154,1.1627906976744187
16,2018-06-02,13:00:00,СПбГАУ,3.0,0.0,2018,5,1,2,6,2,153,22,2,0,13,0,2,1,13.0,1,0,28,3.0,0.6666666666666666,3,3.0,0.6666666666666666,0.7272727272727273
17,2018-06-04,14:00:00,УГПС МЧС,6.0,0.0,2018,0,0,4,6,2,155,23,2,0,14,0,2,1,14.0,1,5,26,6.0,0.5,4,6.0,0.5,0.7272727272727273
18,2018-06-09,14:00:00,ГУМРФ,9.0,1.0,2018,5,1,9,6,2,160,23,2,0,14,0,2,1,14.0,1,0,21,8.0,5.416666666666667,12,8.0,0.8333333333333334,0.7272727272727273
19,2018-06-11,13:30:00,СПбГУПТД,6.0,0.0,2018,0,0,11,6,2,162,24,2,0,13,30,2,1,13.5,1,5,19,6.0,0.12,25,13.0,0.4,0.7272727272727273
20,2018-06-20,15:00:00,НГУ им. П.Ф. Лесгафта,1.0,2.0,2018,2,0,20,6,2,171,25,2,0,15,0,2,1,15.0,1,3,10,-1.0,-0.5,10,-1.0,0.3,0.7272727272727273
21,2023-11-04,18:30:00,ВАС,2.0,0.0,2023,5,1,4,11,4,308,44,3,0,18,30,3,0,18.5,1,0,26,2.0,4.5,2,2.0,1.0,0.5704697986577181
22,2023-11-05,10:00:00,СПбГЭТУ ЛЭТИ,1.0,2.0,2023,6,1,5,11,4,309,44,3,0,10,0,1,1,10.0,0,6,25,-1.0,-1.0,6,-1.0,0.0,0.5704697986577181
23,2023-11-11,17:30:00,РГПУ им. Герцена,3.0,1.0,2023,5,1,11,11,4,315,45,3,0,17,30,2,1,17.5,1,0,19,2.0,0.3333333333333333,9,2.0,0.3333333333333333,0.5704697986577181
24,2023-11-18,19:30:00,СПбГМТУ,3.0,2.0,2023,5,1,18,11,4,322,46,3,0,19,30,3,0,19.5,1,0,12,1.0,1.0,2,1.0,1.0,0.5704697986577181
25,2023-11-25,21:30:00,ПГУПС,5.0,0.0,2023,5,1,25,11,4,329,47,3,0,21,30,3,0,21.5,1,0,5,5.0,8.0,4,5.0,1.0,0.5704697986577181
26,2023-12-02,17:30:00,РАНХиГС СПб,5.0,0.0,2023,5,1,2,12,4,336,48,0,0,17,30,2,1,17.5,1,0,29,5.0,1.0,2,5.0,0.5,-0.525
27,2023-12-09,20:30:00,БГТУ ВОЕНМЕХ,1.0,3.0,2023,5,1,9,12,4,343,49,0,0,20,30,3,0,20.5,1,0,22,-2.0,0.8333333333333334,6,-2.0,0.5,-0.525
28,2023-12-16,16:30:00,СПбГЛТУ,11.0,1.0,2023,5,1,16,12,4,350,50,0,0,16,30,2,1,16.5,1,0,15,10.0,5.363636363636363,11,10.0,0.8181818181818182,-0.525
29,2023-12-23,17:30:00,ВА МТО,6.0,2.0,2023,5,1,23,12,4,357,51,0,0,17,30,2,1,17.5,1,0,8,4.0,4.5,2,4.0,1.0,-0.525
30,2024-02-17,19:30:00,ВАС,9.0,2.0,2024,5,1,17,2,1,48,7,0,0,19,30,3,0,19.5,1,0,12,7.0,4.5,2,9.0,1.0,-0.525
31,2024-02-24,19:30:00,СПбГЭТУ ЛЭТИ,1.0,1.0,2024,5,1,24,2,1,55,8,0,0,19,30,3,0,19.5,1,0,5,0.0,-1.0,6,-1.0,0.0,-0.525
32,2024-03-02,21:30:00,РГПУ им. Герцена,4.0,0.0,2024,5,1,2,3,1,62,9,1,0,21,30,3,0,21.5,1,0,29,4.0,0.3333333333333333,9,6.0,0.3333333333333333,1.1627906976744187
33,2024-03-09,18:30:00,СПбГМТУ,2.0,1.0,2024,5,1,9,3,1,69,10,1,0,18,30,3,0,18.5,1,0,22,1.0,1.0,2,2.0,1.0,1.1627906976744187
34,2024-03-10,12:00:00,ПГУПС,6.0,0.0,2024,6,1,10,3,1,70,10,1,0,12,0,2,1,12.0,1,6,21,6.0,8.0,4,11.0,1.0,1.1627906976744187
35,2024-03-16,18:30:00,РАНХиГС СПб,1.0,4.0,2024,5,1,16,3,1,76,11,1,0,18,30,3,0,18.5,1,0,15,-3.0,1.0,2,2.0,0.5,1.1627906976744187
36,2024-03-30,20:30:00,СПбГЛТУ,8.0,0.0,2024,5,1,30,3,1,90,13,1,0,20,30,3,0,20.5,1,0,1,8.0,5.363636363636363,11,18.0,0.8181818181818182,1.1627906976744187
37,2024-04-06,20:30:00,БГТУ ВОЕНМЕХ,4.0,0.0,2024,5,1,6,4,2,97,14,1,0,20,30,3,0,20.5,1,0,24,4.0,0.8333333333333334,6,2.0,0.5,1.1627906976744187
38,2024-04-13,17:30:00,ВА МТО,6.0,1.0,2024,5,1,13,4,2,104,15,1,0,17,30,2,1,17.5,1,0,17,5.0,4.5,2,9.0,1.0,1.1627906976744187
39,2019-05-22,14:00:00,СПбГУ,2.0,1.0,2019,2,0,22,5,2,142,21,1,0,14,0,2,1,14.0,1,3,9,1.0,1.0,11,1.0,0.6363636363636364,1.1627906976744187
40,2019-05-29,12:00:00,ПСПбГМУ,3.0,0.0,2019,2,0,29,5,2,149,22,1,0,12,0,2,1,12.0,1,3,2,3.0,9.666666666666666,3,24.0,1.0,1.1627906976744187
41,2019-06-01,14:00:00,СЗИУ РАНХиГС,0.0,3.0,2019,5,1,1,6,2,152,22,2,1,14,0,2,1,14.0,1,0,29,-3.0,0.4,5,-3.0,0.6,0.7272727272727273
42,2019-06-10,13:30:00,УГПС МЧС,3.0,0.0,2019,0,0,10,6,2,161,24,2,0,13,30,2,1,13.5,1,5,20,3.0,0.5,4,9.0,0.5,0.7272727272727273
43,2019-06-23,16:00:00,НГУ им. Лесгафта,2.0,0.0,2019,6,1,23,6,2,174,25,2,0,16,0,2,1,16.0,1,6,7,2.0,0.8333333333333334,6,2.0,0.6666666666666666,0.7272727272727273
44,2019-06-30,10:00:00,СПбГУПТД,5.0,1.0,2019,6,1,30,6,2,181,26,2,1,10,0,1,1,10.0,0,6,0,4.0,0.12,25,17.0,0.4,0.7272727272727273
45,2024-09-18,14:15:00,ГУМРФ,14.0,1.0,2024,2,0,18,9,3,262,38,3,0,14,15,2,1,14.25,1,3,12,13.0,5.416666666666667,12,21.0,0.8333333333333334,0.5704697986577181
46,2024-09-23,14:15:00,Университет ГПС МЧС,5.0,1.0,2024,0,0,23,9,3,267,39,3,0,14,15,2,1,14.25,1,5,7,4.0,0.0,2,4.0,0.5,0.5704697986577181
47,2024-09-30,14:15:00,СПбГУ,5.0,1.0,2024,0,0,30,9,3,274,40,3,1,14,15,2,1,14.25,1,5,0,4.0,1.0,11,5.0,0.6363636363636364,0.5704697986577181
48,2024-10-07,14:15:00,"СПбГЭТУ ""ЛЭТИ""",1.0,2.0,2024,0,0,7,10,4,281,41,3,0,14,15,2,1,14.25,1,5,24,-1.0,0.0,3,-1.0,0.3333333333333333,0.5704697986577181
49,2022-05-12,19:15:00,СТД Петрович,3.0,3.0,2022,3,0,12,5,2,132,19,1,0,19,15,3,0,19.25,1,2,19,0.0,0.14285714285714285,7,0.0,0.2857142857142857,1.1627906976744187
50,2022-05-18,19:15:00,ФК Звезда,3.0,2.0,2022,2,0,18,5,2,138,20,1,0,19,15,3,0,19.25,1,3,13,1.0,-0.3333333333333333,9,1.0,0.3333333333333333,1.1627906976744187
51,2022-06-01,19:15:00,Максима,1.0,3.0,2022,2,0,1,6,2,152,22,2,1,19,15,3,0,19.25,1,3,29,-2.0,-2.3333333333333335,3,-2.0,0.0,0.7272727272727273
52,2022-06-08,19:15:00,Балтавто,4.0,2.0,2022,2,0,8,6,2,159,23,2,0,19,15,3,0,19.25,1,3,22,2.0,0.5,6,2.0,0.6666666666666666,0.7272727272727273
53,2022-06-15,21:15:00,Авангард,0.0,4.0,2022,2,0,15,6,2,166,24,2,0,21,15,3,0,21.25,1,3,15,-4.0,-1.25,4,-4.0,0.25,0.7272727272727273
54,2022-06-23,19:15:00,Интер Лесгафта,1.0,7.0,2022,3,0,23,6,2,174,25,2,0,19,15,3,0,19.25,1,2,7,-6.0,-7.0,2,-6.0,0.0,0.7272727272727273
55,2022-07-01,20:15:00,Ядро,1.0,8.0,2022,4,0,1,7,3,182,26,2,1,20,15,3,0,20.25,1,1,30,-7.0,-4.0,3,-7.0,0.0,0.7272727272727273
56,2022-07-07,21:15:00,Динамо-Центр,3.0,2.0,2022,3,0,7,7,3,188,27,2,0,21,15,3,0,21.25,1,2,24,1.0,-1.0,2,1.0,0.5,0.7272727272727273
57,2022-07-09,14:00:00,ЧипЛогик,4.0,7.0,2022,5,1,9,7,3,190,27,2,0,14,0,2,1,14.0,1,0,22,-3.0,-3.0,2,-3.0,0.0,0.7272727272727273
58,2022-07-15,20:15:00,СТД Петрович,1.0,2.0,2022,4,0,15,7,3,196,28,2,0,20,15,3,0,20.25,1,1,16,-1.0,0.14285714285714285,7,-1.0,0.2857142857142857,0.7272727272727273
59,2022-07-20,19:15:00,ФК Звезда,1.0,1.0,2022,2,0,20,7,3,201,29,2,0,19,15,3,0,19.25,1,3,11,0.0,-0.3333333333333333,9,1.0,0.3333333333333333,0.7272727272727273
60,2022-08-24,21:15:00,ЧипЛогик,0.0,3.0,2022,2,0,24,8,3,236,34,2,0,21,15,3,0,21.25,1,3,7,-3.0,-3.0,2,-6.0,0.0,0.7272727272727273
61,2022-08-31,21:15:00,Максима,0.0,3.0,2022,2,0,31,8,3,243,35,2,1,21,15,3,0,21.25,1,3,0,-3.0,-2.3333333333333335,3,-5.0,0.0,0.7272727272727273
62,2022-09-14,21:15:00,Авангард,1.0,3.0,2022,2,0,14,9,3,257,37,3,0,21,15,3,0,21.25,1,3,16,-2.0,-1.25,4,-6.0,0.25,0.5704697986577181
63,2022-09-22,21:15:00,Интер Лесгафта,0.0,8.0,2022,3,0,22,9,3,265,38,3,0,21,15,3,0,21.25,1,2,8,-8.0,-7.0,2,-14.0,0.0,0.5704697986577181
64,2022-09-28,19:15:00,Ядро,0.0,3.0,2022,2,0,28,9,3,271,39,3,0,19,15,3,0,19.25,1,3,2,-3.0,-4.0,3,-10.0,0.0,0.5704697986577181
65,2022-10-06,19:15:00,Динамо-Центр,1.0,4.0,2022,3,0,6,10,4,279,40,3,0,19,15,3,0,19.25,1,2,25,-3.0,-1.0,2,-2.0,0.5,0.5704697986577181
66,2022-11-02,20:00:00,Кировец-ГУТИД,1.0,6.0,2022,2,0,2,11,4,306,44,3,0,20,0,3,0,20.0,1,3,28,-5.0,-1.75,4,-4.0,0.25,0.5704697986577181
67,2019-02-13,19:30:00,УГПС МЧС,4.0,10.0,2019,2,0,13,2,1,44,7,0,0,19,30,3,0,19.5,1,3,15,-6.0,0.5,4,3.0,0.5,-0.525
68,2019-02-20,15:30:00,СПбГЭУ,2.0,4.0,2019,2,0,20,2,1,51,8,0,0,15,30,2,1,15.5,1,3,8,-2.0,-1.0,9,-2.0,0.3333333333333333,-0.525
69,2019-02-26,21:00:00,НГУ им. Лесгафта,3.0,2.0,2019,1,0,26,2,1,57,9,0,0,21,0,3,0,21.0,1,4,2,1.0,0.8333333333333334,6,3.0,0.6666666666666666,-0.525
70,2019-03-05,21:00:00,Горный университет,11.0,3.0,2019,1,0,5,3,1,64,10,1,0,21,0,3,0,21.0,1,4,26,8.0,2.4615384615384617,26,15.0,0.6153846153846154,1.1627906976744187
71,2019-03-20,20:10:00,Университет МВД,7.0,2.0,2019,2,0,20,3,1,79,12,1,0,20,10,3,0,20.166666666666668,1,3,11,5.0,5.0,1,5.0,1.0,1.1627906976744187
72,2019-03-27,18:00:00,Университет ИТМО,1.0,2.0,2019,2,0,27,3,1,86,13,1,0,18,0,3,0,18.0,1,3,4,-1.0,0.6,15,-1.0,0.6,1.1627906976744187
73,2019-04-09,20:30:00,СПбГУПТД,11.0,6.0,2019,1,0,9,4,2,99,15,1,0,20,30,3,0,20.5,1,4,21,5.0,0.12,25,22.0,0.4,1.1627906976744187
74,2019-04-16,20:30:00,ГУМРФ,10.0,7.0,2019,1,0,16,4,2,106,16,1,0,20,30,3,0,20.5,1,4,14,3.0,5.416666666666667,12,24.0,0.8333333333333334,1.1627906976744187
75,2019-04-18,17:30:00,ВКА им. Можайского,10.0,2.0,2019,3,0,18,4,2,108,16,1,0,17,30,2,1,17.5,1,2,12,8.0,4.0,2,8.0,0.5,1.1627906976744187
76,2023-11-12,12:30:00,СШОР №2 Невского района Кристалл-2,2.0,0.0,2023,6,1,12,11,4,316,45,3,0,12,30,2,1,12.5,1,6,18,2.0,1.5,2,2.0,1.0,0.5704697986577181
77,2023-11-19,09:00:00,Феникс-ТитанБанк,4.0,2.0,2023,6,1,19,11,4,323,46,3,0,9,0,1,1,9.0,0,6,11,2.0,0.5,2,2.0,0.5,0.5704697986577181
78,2023-11-26,12:30:00,СПбГУТ,0.0,0.0,2023,6,1,26,11,4,330,47,3,0,12,30,2,1,12.5,1,6,4,0.0,-0.25,12,-4.0,0.4166666666666667,0.5704697986577181
79,2023-12-03,13:40:00,СШОР №2 Невского района Кристалл -3,0.0,8.0,2023,6,1,3,12,4,337,48,0,0,13,40,2,1,13.666666666666666,1,6,28,-8.0,-8.0,1,-8.0,0.0,-0.525
80,2023-12-10,13:40:00,"ЖФК ""Футболика""",0.0,3.0,2023,6,1,10,12,4,344,49,0,0,13,40,2,1,13.666666666666666,1,6,21,-3.0,-2.0,2,-3.0,0.0,-0.525
81,2023-12-17,09:00:00,Балтийские орланы,1.0,2.0,2023,6,1,17,12,4,351,50,0,0,9,0,1,1,9.0,0,6,14,-1.0,-1.0,2,-1.0,0.0,-0.525
82,2023-12-24,13:40:00,СШОР №2 Невского района Кристалл,1.0,10.0,2023,6,1,24,12,4,358,51,0,0,13,40,2,1,13.666666666666666,1,6,7,-9.0,-9.0,1,-9.0,0.0,-0.525
83,2024-01-21,09:00:00,СШОР Лидер,0.0,7.0,2024,6,1,21,1,1,21,3,0,0,9,0,1,1,9.0,0,6,10,-7.0,-7.333333333333333,3,-7.0,0.0,-0.525
84,2024-01-28,14:50:00,Локомотив-ИТМО,4.0,5.0,2024,6,1,28,1,1,28,4,0,0,14,50,2,1,14.833333333333334,1,6,3,-1.0,-4.666666666666667,3,-1.0,0.0,-0.525
85,2024-02-04,14:50:00,Бутса,0.0,9.0,2024,6,1,4,2,1,35,5,0,0,14,50,2,1,14.833333333333334,1,6,25,-9.0,-6.0,4,-9.0,0.0,-0.525
86,2024-02-18,14:50:00,Форсаж-Нева,2.0,7.0,2024,6,1,18,2,1,49,7,0,0,14,50,2,1,14.833333333333334,1,6,11,-5.0,-5.5,2,-5.0,0.0,-0.525
87,2024-02-25,12:30:00,СПбГУТ,2.0,2.0,2024,6,1,25,2,1,56,8,0,0,12,30,2,1,12.5,1,6,4,0.0,-0.25,12,-4.0,0.4166666666666667,-0.525
88,2024-03-03,09:00:00,"ЖФК ""Футболика""",3.0,4.0,2024,6,1,3,3,1,63,9,1,0,9,0,1,1,9.0,0,6,28,-1.0,-2.0,2,-4.0,0.0,1.1627906976744187
89,2024-03-17,10:10:00,Балтийские орланы,1.0,2.0,2024,6,1,17,3,1,77,11,1,0,10,10,1,1,10.166666666666666,0,6,14,-1.0,-1.0,2,-2.0,0.0,1.1627906976744187
90,2024-03-31,12:30:00,СШОР №2 Невского района Кристалл-2,3.0,2.0,2024,6,1,31,3,1,91,13,1,1,12,30,2,1,12.5,1,6,0,1.0,1.5,2,3.0,1.0,1.1627906976744187
91,2024-04-07,09:00:00,Феникс-ТитанБанк,0.0,1.0,2024,6,1,7,4,2,98,14,1,0,9,0,1,1,9.0,0,6,23,-1.0,0.5,2,1.0,0.5,1.1627906976744187
92,2019-05-10,19:00:00,Маркет Света,3.0,0.0,2019,4,0,10,5,2,130,19,1,0,19,0,3,0,19.0,1,1,21,3.0,3.0,1,3.0,1.0,1.1627906976744187
93,2019-05-18,13:00:00,Победа-Армед,2.0,1.0,2019,5,1,18,5,2,138,20,1,0,13,0,2,1,13.0,1,0,13,1.0,1.0,1,1.0,1.0,1.1627906976744187
94,2019-05-24,19:00:00,Феникс,4.0,1.0,2019,4,0,24,5,2,144,21,1,0,19,0,3,0,19.0,1,1,7,3.0,3.0,2,3.0,1.0,1.1627906976744187
95,2019-05-31,20:30:00,Константиновское-Округ 19,3.0,1.0,2019,4,0,31,5,2,151,22,1,1,20,30,3,0,20.5,1,1,0,2.0,2.0,2,2.0,1.0,1.1627906976744187
96,2019-06-08,16:00:00,Алгоритм,0.0,3.0,2019,5,1,8,6,2,159,23,2,0,16,0,2,1,16.0,1,0,22,-3.0,-2.0,3,-3.0,0.3333333333333333,0.7272727272727273
97,2019-06-15,20:00:00,Коломяги-47,2.0,4.0,2019,5,1,15,6,2,166,24,2,0,20,0,3,0,20.0,1,0,15,-2.0,2.0,2,-2.0,0.5,0.7272727272727273
98,2019-06-22,16:00:00,Балтавто,1.0,0.0,2019,5,1,22,6,2,173,25,2,0,16,0,2,1,16.0,1,0,8,1.0,0.5,6,3.0,0.6666666666666666,0.7272727272727273
99,2019-06-29,13:00:00,Дружба-МСС,1.0,0.0,2019,5,1,29,6,2,180,26,2,0,13,0,2,1,13.0,1,0,1,1.0,1.0,1,1.0,1.0,0.7272727272727273
100,2019-07-05,19:00:00,Нева-Легирус-Д,1.0,3.0,2019,4,0,5,7,3,186,27,2,0,19,0,3,0,19.0,1,1,26,-2.0,-2.0,1,-2.0,0.0,0.7272727272727273
101,2019-07-08,21:00:00,Самсон-Петергоф,0.0,1.0,2019,0,0,8,7,3,189,28,2,0,21,0,3,0,21.0,1,5,23,-1.0,-1.0,1,-1.0,0.0,0.7272727272727273
102,2019-07-12,20:30:00,Фортуна,3.0,0.0,2019,4,0,12,7,3,193,28,2,0,20,30,3,0,20.5,1,1,19,3.0,3.0,1,3.0,1.0,0.7272727272727273
103,2019-08-24,16:00:00,Парус,4.0,0.0,2019,5,1,24,8,3,236,34,2,0,16,0,2,1,16.0,1,0,7,4.0,1.75,4,4.0,0.5,0.7272727272727273
104,2019-08-31,16:00:00,ФК КФ,5.0,1.0,2019,5,1,31,8,3,243,35,2,1,16,0,2,1,16.0,1,0,0,4.0,0.0,3,4.0,0.3333333333333333,0.7272727272727273
105,2019-09-06,20:30:00,ФК КФ,2.0,3.0,2019,4,0,6,9,3,249,36,3,0,20,30,3,0,20.5,1,1,24,-1.0,0.0,3,3.0,0.3333333333333333,0.5704697986577181
106,2019-09-14,20:00:00,Коломяги-47,7.0,1.0,2019,5,1,14,9,3,257,37,3,0,20,0,3,0,20.0,1,0,16,6.0,2.0,2,4.0,0.5,0.5704697986577181
107,2019-09-21,16:00:00,Алгоритм,1.0,0.0,2019,5,1,21,9,3,264,38,3,0,16,0,2,1,16.0,1,0,9,1.0,-2.0,3,-2.0,0.3333333333333333,0.5704697986577181
108,2019-09-28,14:00:00,Балтавто,2.0,3.0,2019,5,1,28,9,3,271,39,3,0,14,0,2,1,14.0,1,0,2,-1.0,0.5,6,2.0,0.6666666666666666,0.5704697986577181
109,2019-10-12,16:00:00,Парус,5.0,1.0,2019,5,1,12,10,4,285,41,3,0,16,0,2,1,16.0,1,0,19,4.0,1.75,4,8.0,0.5,0.5704697986577181
110,2019-10-18,20:30:00,Константиновское-Округ 19,3.0,1.0,2019,4,0,18,10,4,291,42,3,0,20,30,3,0,20.5,1,1,13,2.0,2.0,2,4.0,1.0,0.5704697986577181
111,2021-11-09,16:30:00,Университет ИТМО,2.0,1.0,2021,1,0,9,11,4,313,45,3,0,16,30,2,1,16.5,1,4,21,1.0,0.6,15,0.0,0.6,0.5704697986577181
112,2021-11-12,19:30:00,Горный университет,1.0,2.0,2021,4,0,12,11,4,316,45,3,0,19,30,3,0,19.5,1,1,18,-1.0,2.4615384615384617,26,14.0,0.6153846153846154,0.5704697986577181
113,2021-11-17,17:30:00,СПбГУАП,1.0,0.0,2021,2,0,17,11,4,321,46,3,0,17,30,2,1,17.5,1,3,13,1.0,2.5,4,1.0,1.0,0.5704697986577181
114,2021-11-24,17:30:00,СПб Университет ГПС МЧС России,4.0,4.0,2021,2,0,24,11,4,328,47,3,0,17,30,2,1,17.5,1,3,6,0.0,-0.75,4,0.0,0.25,0.5704697986577181
115,2021-11-30,18:00:00,НГУ им. П.Ф.Лесгафта,5.0,3.0,2021,1,0,30,11,4,334,48,3,1,18,0,3,0,18.0,1,4,0,2.0,2.0,2,2.0,1.0,0.5704697986577181
116,2021-12-07,19:30:00,СПбГУПТД,5.0,8.0,2021,1,0,7,12,4,341,49,0,0,19,30,3,0,19.5,1,4,24,-3.0,0.12,25,19.0,0.4,-0.525
117,2021-12-15,16:00:00,РГПУ им. А.И.Герцена,7.0,7.0,2021,2,0,15,12,4,349,50,0,0,16,0,2,1,16.0,1,3,16,0.0,-1.8333333333333333,6,0.0,0.3333333333333333,-0.525
118,2021-12-22,17:30:00,СПбГЭУ,3.0,7.0,2021,2,0,22,12,4,356,51,0,0,17,30,2,1,17.5,1,3,9,-4.0,-1.0,9,-6.0,0.3333333333333333,-0.525
119,2021-12-29,17:30:00,СПбГЭТУ «ЛЭТИ»,2.0,1.0,2021,2,0,29,12,4,363,52,0,0,17,30,2,1,17.5,1,3,2,1.0,0.3333333333333333,3,1.0,0.6666666666666666,-0.525
120,2022-02-08,19:30:00,Горный университет,0.0,4.0,2022,1,0,8,2,1,39,6,0,0,19,30,3,0,19.5,1,4,20,-4.0,2.4615384615384617,26,10.0,0.6153846153846154,-0.525
121,2022-02-09,17:30:00,Университет ИТМО,5.0,2.0,2022,2,0,9,2,1,40,6,0,0,17,30,2,1,17.5,1,3,19,3.0,0.6,15,3.0,0.6,-0.525
122,2022-02-23,16:00:00,СПбГУАП,5.0,3.0,2022,2,0,23,2,1,54,8,0,0,16,0,2,1,16.0,1,3,5,2.0,2.5,4,3.0,1.0,-0.525
123,2022-02-27,16:00:00,СПб Университет ГПС МЧС России,3.0,0.0,2022,6,1,27,2,1,58,8,0,0,16,0,2,1,16.0,1,6,1,3.0,-0.75,4,3.0,0.25,-0.525
124,2022-03-06,19:00:00,НГУ им. П.Ф.Лесгафта,8.0,6.0,2022,6,1,6,3,1,65,9,1,0,19,0,3,0,19.0,1,6,25,2.0,2.0,2,4.0,1.0,1.1627906976744187
125,2022-03-08,15:30:00,СПбГУПТД,1.0,4.0,2022,1,0,8,3,1,67,10,1,0,15,30,2,1,15.5,1,4,23,-3.0,0.12,25,16.0,0.4,1.1627906976744187
126,2022-03-13,16:00:00,РГПУ им. А.И.Герцена,4.0,2.0,2022,6,1,13,3,1,72,10,1,0,16,0,2,1,16.0,1,6,18,2.0,-1.8333333333333333,6,2.0,0.3333333333333333,1.1627906976744187
127,2022-03-30,16:00:00,СПбГЭУ,1.0,4.0,2022,2,0,30,3,1,89,13,1,0,16,0,2,1,16.0,1,3,1,-3.0,-1.0,9,-9.0,0.3333333333333333,1.1627906976744187
128,2022-04-03,16:00:00,СПбГЭТУ «ЛЭТИ»,3.0,2.0,2022,6,1,3,4,2,93,13,1,0,16,0,2,1,16.0,1,6,27,1.0,0.3333333333333333,3,2.0,0.6666666666666666,1.1627906976744187
129,2024-05-18,21:00:00,СПбГУПТД,5.0,0.0,2024,5,1,18,5,2,139,20,1,0,21,0,3,0,21.0,1,0,13,5.0,0.12,25,21.0,0.4,1.1627906976744187
130,2024-05-25,20:40:00,Горный университет,6.0,1.0,2024,5,1,25,5,2,146,21,1,0,20,40,3,0,20.666666666666668,1,0,6,5.0,2.4615384615384617,26,15.0,0.6153846153846154,1.1627906976744187
131,2024-06-01,21:00:00,ПСПбГМУ им. И.П. Павлова,14.0,1.0,2024,5,1,1,6,2,153,22,2,1,21,0,3,0,21.0,1,0,29,13.0,13.0,1,13.0,1.0,0.7272727272727273
132,2024-06-12,15:40:00,БГТУ Военмех,1.0,1.0,2024,2,0,12,6,2,164,24,2,0,15,40,2,1,15.666666666666666,1,3,18,0.0,-1.0,2,0.0,0.0,0.7272727272727273
133,2024-06-15,21:50:00,СПбГИКиТ,6.0,1.0,2024,5,1,15,6,2,167,24,2,0,21,50,3,0,21.833333333333332,1,0,15,5.0,5.0,1,5.0,1.0,0.7272727272727273
134,2024-06-22,20:30:00,РГПУ им. А.И. Герцена,2.0,5.0,2024,5,1,22,6,2,174,25,2,0,20,30,3,0,20.5,1,0,8,-3.0,-3.0,2,-3.0,0.0,0.7272727272727273
135,2021-05-16,19:00:00,СПбГУ,1.0,0.0,2021,6,1,16,5,2,136,19,1,0,19,0,3,0,19.0,1,6,15,1.0,1.0,11,6.0,0.6363636363636364,1.1627906976744187
136,2021-05-23,19:00:00,СПбГУТ,0.0,4.0,2021,6,1,23,5,2,143,20,1,0,19,0,3,0,19.0,1,6,8,-4.0,-0.25,12,-8.0,0.4166666666666667,1.1627906976744187
137,2021-05-30,20:15:00,Горный университет,0.0,0.0,2021,6,1,30,5,2,150,21,1,0,20,15,3,0,20.25,1,6,1,0.0,2.4615384615384617,26,15.0,0.6153846153846154,1.1627906976744187
138,2021-06-02,17:00:00,СЗИУ РАНХиГС,3.0,0.0,2021,2,0,2,6,2,153,22,2,0,17,0,2,1,17.0,1,3,28,3.0,0.4,5,0.0,0.6,0.7272727272727273
139,2021-06-09,18:15:00,"БГТУ ""ВОЕНМЕХ""",4.0,0.0,2021,2,0,9,6,2,160,23,2,0,18,15,3,0,18.25,1,3,21,4.0,0.6,5,4.0,0.4,0.7272727272727273
140,2021-06-16,17:00:00,РГПУ им. А.И. Герцена,1.0,4.0,2021,2,0,16,6,2,167,24,2,0,17,0,2,1,17.0,1,3,14,-3.0,-3.0,2,-6.0,0.0,0.7272727272727273
141,2021-06-25,18:30:00,СПбГЛТУ,2.0,3.0,2021,4,0,25,6,2,176,25,2,0,18,30,3,0,18.5,1,1,5,-1.0,5.363636363636363,11,17.0,0.8181818181818182,0.7272727272727273
142,2019-10-05,09:00:00,СПбГЭТУ ЛЭТИ,2.0,4.0,2019,5,1,5,10,4,278,40,3,0,9,0,1,1,9.0,0,0,26,-2.0,-1.0,6,-3.0,0.0,0.5704697986577181
143,2019-10-20,15:30:00,ГИЭФПТ,3.0,2.0,2019,6,1,20,10,4,293,42,3,0,15,30,2,1,15.5,1,6,11,1.0,1.0,1,1.0,1.0,0.5704697986577181
144,2019-10-27,15:30:00,СПбГЭТУ ЛЭТИ,0.0,1.0,2019,6,1,27,10,4,300,43,3,0,15,30,2,1,15.5,1,6,4,-1.0,-1.0,6,-4.0,0.0,0.5704697986577181
145,2019-11-07,20:30:00,Горный университет,2.0,6.0,2019,3,0,7,11,4,311,45,3,0,20,30,3,0,20.5,1,2,23,-4.0,2.4615384615384617,26,11.0,0.6153846153846154,0.5704697986577181
146,2019-11-10,15:30:00,СЗИУ РАНХиГС,5.0,0.0,2019,6,1,10,11,4,314,45,3,0,15,30,2,1,15.5,1,6,20,5.0,0.4,5,5.0,0.6,0.5704697986577181
147,2019-11-14,20:30:00,Горный университет,4.0,4.0,2019,3,0,14,11,4,318,46,3,0,20,30,3,0,20.5,1,2,16,0.0,2.4615384615384617,26,11.0,0.6153846153846154,0.5704697986577181
148,2022-05-23,15:15:00,Горный университет,4.0,1.0,2022,0,0,23,5,2,143,21,1,0,15,15,2,1,15.25,1,5,8,3.0,2.4615384615384617,26,14.0,0.6153846153846154,1.1627906976744187
149,2022-05-30,15:15:00,СПбГУПТД,0.0,2.0,2022,0,0,30,5,2,150,22,1,0,15,15,2,1,15.25,1,5,1,-2.0,0.12,25,19.0,0.4,1.1627906976744187
150,2022-06-06,13:30:00,НГУ им. Лесгафта,4.0,2.0,2022,0,0,6,6,2,157,23,2,0,13,30,2,1,13.5,1,5,24,2.0,0.8333333333333334,6,5.0,0.6666666666666666,0.7272727272727273
151,2022-06-14,15:15:00,РГПУ им. Герцена,2.0,4.0,2022,1,0,14,6,2,165,24,2,0,15,15,2,1,15.25,1,4,16,-2.0,0.3333333333333333,9,4.0,0.3333333333333333,0.7272727272727273
152,2022-06-21,13:30:00,ГУМРФ,18.0,0.0,2022,1,0,21,6,2,172,25,2,0,13,30,2,1,13.5,1,4,9,18.0,5.416666666666667,12,42.0,0.8333333333333334,0.7272727272727273
153,2022-12-04,16:00:00,Локомотив 2006,12.0,1.0,2022,6,1,4,12,4,338,48,0,0,16,0,2,1,16.0,1,6,27,11.0,11.0,1,11.0,1.0,-0.525
154,2022-12-10,13:00:00,ФК Звезда,4.0,2.0,2022,5,1,10,12,4,344,49,0,0,13,0,2,1,13.0,1,0,21,2.0,-0.3333333333333333,9,3.0,0.3333333333333333,-0.525
155,2022-12-16,20:00:00,СШ Красносельского района 2006,9.0,2.0,2022,4,0,16,12,4,350,50,0,0,20,0,3,0,20.0,1,1,15,7.0,7.0,1,7.0,1.0,-0.525
156,2022-12-25,20:30:00,ВЕЗУ,6.0,0.0,2022,6,1,25,12,4,359,51,0,0,20,30,3,0,20.5,1,6,6,6.0,0.4,5,6.0,0.4,-0.525
157,2023-01-15,16:00:00,Коломяги (Олимпийские надежды) мол.,2.0,0.0,2023,6,1,15,1,1,15,2,0,0,16,0,2,1,16.0,1,6,16,2.0,2.0,1,2.0,1.0,-0.525
158,2023-01-22,16:00:00,СШ №2 ВО Звезда мол.-д,2.0,1.0,2023,6,1,22,1,1,22,3,0,0,16,0,2,1,16.0,1,6,9,1.0,1.0,1,1.0,1.0,-0.525
159,2023-01-26,20:00:00,СШОР №1 Московского района 2006,3.0,0.0,2023,3,0,26,1,1,26,4,0,0,20,0,3,0,20.0,1,2,5,3.0,3.0,1,3.0,1.0,-0.525
160,2023-02-04,20:30:00,Алмаз-Антей мол.,3.0,0.0,2023,5,1,4,2,1,35,5,0,0,20,30,3,0,20.5,1,0,24,3.0,3.0,1,3.0,1.0,-0.525
161,2021-10-08,18:00:00,ГУМРФ,12.0,0.0,2021,4,0,8,10,4,281,40,3,0,18,0,3,0,18.0,1,1,23,12.0,5.416666666666667,12,54.0,0.8333333333333334,0.5704697986577181
162,2021-10-15,19:00:00,"БГТУ ""ВОЕНМЕХ""",0.0,0.0,2021,4,0,15,10,4,288,41,3,0,19,0,3,0,19.0,1,1,16,0.0,0.6,5,4.0,0.4,0.5704697986577181
163,2021-10-22,17:00:00,СПбГУПТД,5.0,3.0,2021,4,0,22,10,4,295,42,3,0,17,0,2,1,17.0,1,1,9,2.0,0.12,25,21.0,0.4,0.5704697986577181
164,2021-10-29,19:00:00,РГПУ им. А.И.Герцена,2.0,9.0,2021,4,0,29,10,4,302,43,3,0,19,0,3,0,19.0,1,1,2,-7.0,-1.8333333333333333,6,-5.0,0.3333333333333333,0.5704697986577181
165,2021-11-12,18:00:00,ГУМРФ,8.0,0.0,2021,4,0,12,11,4,316,45,3,0,18,0,3,0,18.0,1,1,18,8.0,5.416666666666667,12,62.0,0.8333333333333334,0.5704697986577181
166,2021-11-19,19:00:00,"БГТУ ""ВОЕНМЕХ""",2.0,2.0,2021,4,0,19,11,4,323,46,3,0,19,0,3,0,19.0,1,1,11,0.0,0.6,5,4.0,0.4,0.5704697986577181
167,2021-11-26,17:00:00,СПбГУПТД,8.0,0.0,2021,4,0,26,11,4,330,47,3,0,17,0,2,1,17.0,1,1,4,8.0,0.12,25,29.0,0.4,0.5704697986577181
168,2021-12-03,19:00:00,РГПУ им. А.И.Герцена,0.0,12.0,2021,4,0,3,12,4,337,48,0,0,19,0,3,0,19.0,1,1,28,-12.0,-1.8333333333333333,6,-17.0,0.3333333333333333,-0.525
169,2021-12-10,18:00:00,ЛГУ им. А.С.Пушкина,1.0,1.0,2021,4,0,10,12,4,344,49,0,0,18,0,3,0,18.0,1,1,21,0.0,-3.0,5,0.0,0.0,-0.525
170,2021-12-17,18:00:00,ЛГУ им. А.С.Пушкина,0.0,5.0,2021,4,0,17,12,4,351,50,0,0,18,0,3,0,18.0,1,1,14,-5.0,-3.0,5,-5.0,0.0,-0.525
171,2024-10-29,21:30:00,Горный университет,7.0,3.0,2024,1,0,29,10,4,303,44,3,0,21,30,3,0,21.5,1,4,2,4.0,2.4615384615384617,26,18.0,0.6153846153846154,0.5704697986577181
172,2024-11-05,21:30:00,СПбГЭТУ ЛЭТИ,4.0,4.0,2024,1,0,5,11,4,310,45,3,0,21,30,3,0,21.5,1,4,25,0.0,-1.0,6,-4.0,0.0,0.5704697986577181
173,2024-11-20,21:00:00,Университет ГПС МЧС,2.0,6.0,2024,2,0,20,11,4,325,47,3,0,21,0,3,0,21.0,1,3,10,-4.0,0.0,2,0.0,0.5,0.5704697986577181
174,2016-12-04,13:00:00,Алмаз-Антей U-21,0.0,2.0,2016,6,1,4,12,4,339,48,0,0,13,0,2,1,13.0,1,6,27,-2.0,-1.0,2,-2.0,0.0,-0.525
175,2016-12-10,14:30:00,Тосно U-21,1.0,2.0,2016,5,1,10,12,4,345,49,0,0,14,30,2,1,14.5,1,0,21,-1.0,-1.0,1,-1.0,0.0,-0.525
176,2016-12-17,13:00:00,Московская Застава U-21,1.0,3.0,2016,5,1,17,12,4,352,50,0,0,13,0,2,1,13.0,1,0,14,-2.0,-1.0,2,-2.0,0.0,-0.525
177,2016-12-24,14:30:00,СТД Петрович,1.0,2.0,2016,5,1,24,12,4,359,51,0,0,14,30,2,1,14.5,1,0,7,-1.0,0.14285714285714285,7,-2.0,0.2857142857142857,-0.525
178,2017-01-07,10:00:00,Дина,2.0,2.0,2017,5,1,7,1,1,7,1,0,0,10,0,1,1,10.0,0,0,24,0.0,0.0,1,0.0,0.0,-0.525
179,2017-01-15,11:30:00,Невский фронт,1.0,0.0,2017,6,1,15,1,1,15,2,0,0,11,30,1,1,11.5,0,6,16,1.0,1.0,1,1.0,1.0,-0.525
180,2017-01-21,16:00:00,ДЮСШ Звезда U-18,0.0,4.0,2017,5,1,21,1,1,21,3,0,0,16,0,2,1,16.0,1,0,10,-4.0,-4.0,1,-4.0,0.0,-0.525
181,2017-02-19,14:30:00,Невский фронт U-21,4.0,2.0,2017,6,1,19,2,1,50,7,0,0,14,30,2,1,14.5,1,6,9,2.0,2.0,1,2.0,1.0,-0.525
182,2017-02-25,10:00:00,Локомотив U-21,6.0,4.0,2017,5,1,25,2,1,56,8,0,0,10,0,1,1,10.0,0,0,3,2.0,2.0,1,2.0,1.0,-0.525
183,2024-05-14,14:15:00,РГПУ им. Герцена,6.0,0.0,2024,1,0,14,5,2,135,20,1,0,14,15,2,1,14.25,1,4,17,6.0,0.3333333333333333,9,10.0,0.3333333333333333,1.1627906976744187
184,2024-05-21,14:15:00,Горный университет,2.0,2.0,2024,1,0,21,5,2,142,21,1,0,14,15,2,1,14.25,1,4,10,0.0,2.4615384615384617,26,18.0,0.6153846153846154,1.1627906976744187
185,2024-05-28,14:15:00,БГТУ ВОЕНМЕХ,3.0,0.0,2024,1,0,28,5,2,149,22,1,0,14,15,2,1,14.25,1,4,3,3.0,0.8333333333333334,6,5.0,0.5,1.1627906976744187
186,2024-06-04,14:15:00,НГУ им. Лесгафта,1.0,2.0,2024,1,0,4,6,2,156,23,2,0,14,15,2,1,14.25,1,4,26,-1.0,0.8333333333333334,6,4.0,0.6666666666666666,0.7272727272727273
187,2024-06-30,18:15:00,СПбГУПТД,0.0,2.0,2024,6,1,30,6,2,182,26,2,1,18,15,3,0,18.25,1,6,0,-2.0,0.12,25,27.0,0.4,0.7272727272727273
188,2018-02-12,17:45:00,Университет ИТМО,1.0,4.0,2018,0,0,12,2,1,43,7,0,0,17,45,2,1,17.75,1,5,16,-3.0,0.6,15,0.0,0.6,-0.525
189,2018-02-20,19:30:00,СПбГАУ,6.0,4.0,2018,1,0,20,2,1,51,8,0,0,19,30,3,0,19.5,1,4,8,2.0,0.6666666666666666,3,5.0,0.6666666666666666,-0.525
190,2018-03-01,16:00:00,ГУМРФ,1.0,5.0,2018,3,0,1,3,1,60,9,1,1,16,0,2,1,16.0,1,2,30,-4.0,5.416666666666667,12,58.0,0.8333333333333334,1.1627906976744187
191,2018-03-08,15:00:00,СПбГЭУ,2.0,7.0,2018,3,0,8,3,1,67,10,1,0,15,0,2,1,15.0,1,2,23,-5.0,-1.0,9,-14.0,0.3333333333333333,1.1627906976744187
192,2018-03-14,16:30:00,УГПС МЧС,4.0,5.0,2018,2,0,14,3,1,73,11,1,0,16,30,2,1,16.5,1,3,17,-1.0,0.5,4,2.0,0.5,1.1627906976744187
193,2018-03-19,18:45:00,СПбГУПТД,3.0,2.0,2018,0,0,19,3,1,78,12,1,0,18,45,3,0,18.75,1,5,12,1.0,0.12,25,28.0,0.4,1.1627906976744187
194,2018-03-29,17:30:00,НГУ им. П.Ф. Лесгафта,4.0,9.0,2018,3,0,29,3,1,88,13,1,0,17,30,2,1,17.5,1,2,2,-5.0,-0.5,10,-6.0,0.3,1.1627906976744187
195,2018-04-02,19:00:00,ВКА им. Можайского,3.0,3.0,2018,0,0,2,4,2,92,14,1,0,19,0,3,0,19.0,1,5,28,0.0,4.0,2,8.0,0.5,1.1627906976744187
196,2018-04-09,19:00:00,СПбГЛТУ,14.0,2.0,2018,0,0,9,4,2,99,15,1,0,19,0,3,0,19.0,1,5,21,12.0,5.363636363636363,11,29.0,0.8181818181818182,1.1627906976744187
197,2021-03-05,20:30:00,Университет ГПС МЧС России,1.0,2.0,2021,4,0,5,3,1,64,9,1,0,20,30,3,0,20.5,1,1,26,-1.0,-1.0,1,-1.0,0.0,1.1627906976744187
198,2021-03-12,17:30:00,Университет ИТМО,3.0,2.0,2021,4,0,12,3,1,71,10,1,0,17,30,2,1,17.5,1,1,19,1.0,0.6,15,1.0,0.6,1.1627906976744187
199,2021-03-19,19:00:00,НГУ им. П.Ф. Лесгафта,4.0,6.0,2021,4,0,19,3,1,78,11,1,0,19,0,3,0,19.0,1,1,12,-2.0,-0.5,10,-8.0,0.3,1.1627906976744187
200,2021-03-26,17:30:00,СПбГЭТУ «ЛЭТИ»,3.0,4.0,2021,4,0,26,3,1,85,12,1,0,17,30,2,1,17.5,1,1,5,-1.0,0.3333333333333333,3,1.0,0.6666666666666666,1.1627906976744187
201,2021-04-02,19:00:00,Горный университет,4.0,0.0,2021,4,0,2,4,2,92,13,1,0,19,0,3,0,19.0,1,1,28,4.0,2.4615384615384617,26,22.0,0.6153846153846154,1.1627906976744187
202,2021-04-03,14:30:00,ГУМРФ,4.0,3.0,2021,5,1,3,4,2,93,13,1,0,14,30,2,1,14.5,1,0,27,1.0,5.416666666666667,12,59.0,0.8333333333333334,1.1627906976744187
203,2021-04-09,17:30:00,СПбГЭУ,2.0,0.0,2021,4,0,9,4,2,99,14,1,0,17,30,2,1,17.5,1,1,21,2.0,-1.0,9,-12.0,0.3333333333333333,1.1627906976744187
204,2021-04-16,17:30:00,СПбГАСУ,4.0,1.0,2021,4,0,16,4,2,106,15,1,0,17,30,2,1,17.5,1,1,14,3.0,-0.25,4,3.0,0.5,1.1627906976744187
205,2021-04-23,16:00:00,СПбГУПТД,3.0,5.0,2021,4,0,23,4,2,113,16,1,0,16,0,2,1,16.0,1,1,7,-2.0,0.12,25,26.0,0.4,1.1627906976744187
206,2020-10-11,16:30:00,Горный университет,4.0,0.0,2020,6,1,11,10,4,285,41,3,0,16,30,2,1,16.5,1,6,20,4.0,2.4615384615384617,26,26.0,0.6153846153846154,0.5704697986577181
207,2020-10-17,13:30:00,СПбГЛТУ,3.0,0.0,2020,5,1,17,10,4,291,42,3,0,13,30,2,1,13.5,1,0,14,3.0,5.363636363636363,11,32.0,0.8181818181818182,0.5704697986577181
208,2020-10-24,16:30:00,СПбГАСУ,1.0,0.0,2020,5,1,24,10,4,298,43,3,0,16,30,2,1,16.5,1,0,7,1.0,-0.25,4,4.0,0.5,0.5704697986577181
209,2024-05-15,21:20:00,Авангард,3.0,4.0,2024,2,0,15,5,2,136,20,1,0,21,20,3,0,21.333333333333332,1,3,16,-1.0,-1.25,4,-7.0,0.25,1.1627906976744187
210,2024-05-24,21:20:00,Кировец-ГУТИД,3.0,4.0,2024,4,0,24,5,2,145,21,1,0,21,20,3,0,21.333333333333332,1,1,7,-1.0,-1.75,4,-5.0,0.25,1.1627906976744187
211,2024-05-31,21:20:00,СТД Петрович,2.0,0.0,2024,4,0,31,5,2,152,22,1,1,21,20,3,0,21.333333333333332,1,1,0,2.0,0.14285714285714285,7,0.0,0.2857142857142857,1.1627906976744187
212,2024-06-05,21:00:00,РВЧеллендж,0.0,5.0,2024,2,0,5,6,2,157,23,2,0,21,0,3,0,21.0,1,3,25,-5.0,-1.5,4,-5.0,0.25,0.7272727272727273
213,2024-06-12,21:20:00,ВЕЗУ,4.0,0.0,2024,2,0,12,6,2,164,24,2,0,21,20,3,0,21.333333333333332,1,3,18,4.0,0.4,5,10.0,0.4,0.7272727272727273
214,2024-06-21,19:30:00,Звезда,0.0,1.0,2024,4,0,21,6,2,173,25,2,0,19,30,3,0,19.5,1,1,9,-1.0,-2.0,2,-1.0,0.0,0.7272727272727273
215,2024-06-26,21:20:00,СШОР №1 - Кристалл - Константиновское,1.0,4.0,2024,2,0,26,6,2,178,26,2,0,21,20,3,0,21.333333333333332,1,3,4,-3.0,-1.5,2,-3.0,0.0,0.7272727272727273
216,2024-07-05,19:00:00,Динамо-2,1.0,1.0,2024,4,0,5,7,3,187,27,2,0,19,0,3,0,19.0,1,1,26,0.0,-2.3333333333333335,3,-3.0,0.0,0.7272727272727273
217,2024-07-12,21:00:00,Нева-Максима,4.0,2.0,2024,4,0,12,7,3,194,28,2,0,21,0,3,0,21.0,1,1,19,2.0,-0.5,2,2.0,0.5,0.7272727272727273
218,2024-07-17,21:00:00,Авангард,4.0,2.0,2024,2,0,17,7,3,199,29,2,0,21,0,3,0,21.0,1,3,14,2.0,-1.25,4,-5.0,0.25,0.7272727272727273
219,2024-07-22,21:00:00,Кировец-ГУТИД,0.0,2.0,2024,0,0,22,7,3,204,30,2,0,21,0,3,0,21.0,1,5,9,-2.0,-1.75,4,-7.0,0.25,0.7272727272727273
220,2024-08-29,20:00:00,СТД Петрович,3.0,3.0,2024,3,0,29,8,3,242,35,2,0,20,0,3,0,20.0,1,2,2,0.0,0.14285714285714285,7,0.0,0.2857142857142857,0.7272727272727273
221,2024-09-04,19:30:00,РВЧеллендж,0.0,3.0,2024,2,0,4,9,3,248,36,3,0,19,30,3,0,19.5,1,3,26,-3.0,-1.5,4,-8.0,0.25,0.5704697986577181
222,2024-09-13,21:20:00,ВЕЗУ,1.0,6.0,2024,4,0,13,9,3,257,37,3,0,21,20,3,0,21.333333333333332,1,1,17,-5.0,0.4,5,5.0,0.4,0.5704697986577181
223,2024-09-20,21:20:00,Звезда,0.0,3.0,2024,4,0,20,9,3,264,38,3,0,21,20,3,0,21.333333333333332,1,1,10,-3.0,-2.0,2,-4.0,0.0,0.5704697986577181
224,2024-09-25,21:20:00,СШОР №1 - Кристалл - Константиновское,0.0,0.0,2024,2,0,25,9,3,269,39,3,0,21,20,3,0,21.333333333333332,1,3,5,0.0,-1.5,2,-3.0,0.0,0.5704697986577181
225,2024-10-04,19:30:00,Динамо-2,1.0,5.0,2024,4,0,4,10,4,278,40,3,0,19,30,3,0,19.5,1,1,27,-4.0,-2.3333333333333335,3,-7.0,0.0,0.5704697986577181
226,2024-10-11,21:20:00,Нева-Максима,0.0,3.0,2024,4,0,11,10,4,285,41,3,0,21,20,3,0,21.333333333333332,1,1,20,-3.0,-0.5,2,-1.0,0.5,0.5704697986577181
227,2023-09-30,15:00:00,Форсаж-Нева,0.0,6.0,2023,5,1,30,9,3,273,39,3,1,15,0,2,1,15.0,1,0,0,-6.0,-5.5,2,-11.0,0.0,0.5704697986577181
228,2023-10-08,13:10:00,СШОР №2 Невского района-3,1.0,3.0,2023,6,1,8,10,4,281,40,3,0,13,10,2,1,13.166666666666666,1,6,23,-2.0,-2.0,1,-2.0,0.0,0.5704697986577181
229,2023-10-21,12:00:00,СШОР №2 Невского района-2,0.0,0.0,2023,5,1,21,10,4,294,42,3,0,12,0,2,1,12.0,1,0,10,0.0,0.0,1,0.0,0.0,0.5704697986577181
230,2023-10-22,14:20:00,Невские звёзды,10.0,1.0,2023,6,1,22,10,4,295,42,3,0,14,20,2,1,14.333333333333334,1,6,9,9.0,9.0,1,9.0,1.0,0.5704697986577181
231,2021-12-12,17:30:00,ФК Звезда,1.0,2.0,2021,6,1,12,12,4,346,49,0,0,17,30,2,1,17.5,1,6,19,-1.0,-0.3333333333333333,9,2.0,0.3333333333333333,-0.525
232,2021-12-14,20:00:00,Кировец-Восхождение-мол.,2.0,2.0,2021,1,0,14,12,4,348,50,0,0,20,0,3,0,20.0,1,4,17,0.0,0.0,1,0.0,0.0,-0.525
233,2021-12-18,17:30:00,СШОР №1 Московского района-юн. 2005,4.0,2.0,2021,5,1,18,12,4,352,50,0,0,17,30,2,1,17.5,1,0,13,2.0,2.0,1,2.0,1.0,-0.525
234,2021-12-23,21:30:00,ГУТИД,0.0,0.0,2021,3,0,23,12,4,357,51,0,0,21,30,3,0,21.5,1,2,8,0.0,0.0,1,0.0,0.0,-0.525
235,2022-01-16,13:00:00,Антарес,2.0,7.0,2022,6,1,16,1,1,16,2,0,0,13,0,2,1,13.0,1,6,15,-5.0,-5.0,1,-5.0,0.0,-0.525
236,2022-01-22,10:00:00,Алмаз-Антей-мол.,1.0,7.0,2022,5,1,22,1,1,22,3,0,0,10,0,1,1,10.0,0,0,9,-6.0,-6.0,1,-6.0,0.0,-0.525
237,2022-01-30,16:00:00,СШ №2 ВО Звезда-мол.,2.0,2.0,2022,6,1,30,1,1,30,4,0,0,16,0,2,1,16.0,1,6,1,0.0,0.0,1,0.0,0.0,-0.525
238,2022-02-06,20:30:00,Самсон,0.0,2.0,2022,6,1,6,2,1,37,5,0,0,20,30,3,0,20.5,1,6,22,-2.0,0.3333333333333333,3,-2.0,0.6666666666666666,-0.525
239,2022-02-13,13:00:00,Адмиралтеец-мол.,9.0,1.0,2022,6,1,13,2,1,44,6,0,0,13,0,2,1,13.0,1,6,15,8.0,8.0,1,8.0,1.0,-0.525
240,2022-03-06,11:30:00,СТД Петрович,3.0,1.0,2022,6,1,6,3,1,65,9,1,0,11,30,1,1,11.5,0,6,25,2.0,0.14285714285714285,7,2.0,0.2857142857142857,1.1627906976744187
241,2022-11-20,13:30:00,Локомотив-ИТМО,1.0,9.0,2022,6,1,20,11,4,324,46,3,0,13,30,2,1,13.5,1,6,10,-8.0,-4.666666666666667,3,-9.0,0.0,0.5704697986577181
242,2022-11-27,13:30:00,СШОР Лидер - 2,1.0,8.0,2022,6,1,27,11,4,331,47,3,0,13,30,2,1,13.5,1,6,3,-7.0,-6.0,2,-7.0,0.0,0.5704697986577181
243,2022-12-04,13:30:00,СПбГУТ,3.0,1.0,2022,6,1,4,12,4,338,48,0,0,13,30,2,1,13.5,1,6,27,2.0,-0.25,12,-6.0,0.4166666666666667,-0.525
244,2022-12-11,10:00:00,Бутса,4.0,5.0,2022,6,1,11,12,4,345,49,0,0,10,0,1,1,10.0,0,6,20,-1.0,-6.0,4,-10.0,0.0,-0.525
245,2022-12-18,13:30:00,СШОР №2 - Кристалл,1.0,5.0,2022,6,1,18,12,4,352,50,0,0,13,30,2,1,13.5,1,6,13,-4.0,-5.0,2,-4.0,0.0,-0.525
246,2022-12-25,10:00:00,СШОР Лидер,0.0,13.0,2022,6,1,25,12,4,359,51,0,0,10,0,1,1,10.0,0,6,6,-13.0,-7.333333333333333,3,-20.0,0.0,-0.525
247,2023-01-15,12:20:00,Царское Село,4.0,2.0,2023,6,1,15,1,1,15,2,0,0,12,20,2,1,12.333333333333334,1,6,16,2.0,2.6,5,2.0,1.0,-0.525
248,2023-01-22,11:10:00,СШОР №2 - Кристалл -2,1.0,4.0,2023,6,1,22,1,1,22,3,0,0,11,10,1,1,11.166666666666666,0,6,9,-3.0,-2.0,2,-3.0,0.0,-0.525
249,2023-01-29,14:40:00,Форсаж,2.0,3.0,2023,6,1,29,1,1,29,4,0,0,14,40,2,1,14.666666666666666,1,6,2,-1.0,-2.5,2,-1.0,0.0,-0.525
250,2023-02-05,14:40:00,Локомотив-ИТМО,0.0,5.0,2023,6,1,5,2,1,36,5,0,0,14,40,2,1,14.666666666666666,1,6,23,-5.0,-4.666666666666667,3,-14.0,0.0,-0.525
251,2023-02-12,13:30:00,СШОР Лидер - 2,0.0,5.0,2023,6,1,12,2,1,43,6,0,0,13,30,2,1,13.5,1,6,16,-5.0,-6.0,2,-12.0,0.0,-0.525
252,2023-02-19,10:00:00,СПбГУТ,2.0,2.0,2023,6,1,19,2,1,50,7,0,0,10,0,1,1,10.0,0,6,9,0.0,-0.25,12,-6.0,0.4166666666666667,-0.525
253,2023-02-26,14:40:00,Бутса,2.0,6.0,2023,6,1,26,2,1,57,8,0,0,14,40,2,1,14.666666666666666,1,6,2,-4.0,-6.0,4,-14.0,0.0,-0.525
254,2023-03-05,13:30:00,СШОР №2 - Кристалл,0.0,6.0,2023,6,1,5,3,1,64,9,1,0,13,30,2,1,13.5,1,6,26,-6.0,-5.0,2,-10.0,0.0,1.1627906976744187
255,2023-03-19,11:10:00,Царское Село,3.0,0.0,2023,6,1,19,3,1,78,11,1,0,11,10,1,1,11.166666666666666,0,6,12,3.0,2.6,5,5.0,1.0,1.1627906976744187
256,2023-03-25,12:50:00,СШОР Лидер,2.0,4.0,2023,5,1,25,3,1,84,12,1,0,12,50,2,1,12.833333333333334,1,0,6,-2.0,-7.333333333333333,3,-22.0,0.0,1.1627906976744187
257,2023-03-26,11:10:00,СШОР №2 - Кристалл -2,4.0,5.0,2023,6,1,26,3,1,85,12,1,0,11,10,1,1,11.166666666666666,0,6,5,-1.0,-2.0,2,-4.0,0.0,1.1627906976744187
258,2023-04-02,14:40:00,Форсаж,1.0,5.0,2023,6,1,2,4,2,92,13,1,0,14,40,2,1,14.666666666666666,1,6,28,-4.0,-2.5,2,-5.0,0.0,1.1627906976744187
259,2022-10-16,18:30:00,Универсал,1.0,4.0,2022,6,1,16,10,4,289,41,3,0,18,30,3,0,18.5,1,6,15,-3.0,-3.0,1,-3.0,0.0,0.5704697986577181
260,2022-10-22,12:30:00,Невская Ко-2,2.0,5.0,2022,5,1,22,10,4,295,42,3,0,12,30,2,1,12.5,1,0,9,-3.0,-3.0,1,-3.0,0.0,0.5704697986577181
261,2022-10-23,18:00:00,Нейтрон,2.0,5.0,2022,6,1,23,10,4,296,42,3,0,18,0,3,0,18.0,1,6,8,-3.0,-3.0,1,-3.0,0.0,0.5704697986577181
262,2023-10-13,18:00:00,СПбГУ,0.0,4.0,2023,4,0,13,10,4,286,41,3,0,18,0,3,0,18.0,1,1,18,-4.0,1.0,11,2.0,0.6363636363636364,0.5704697986577181
263,2023-10-20,17:00:00,БГТУ ВОЕНМЕХ,0.0,1.0,2023,4,0,20,10,4,293,42,3,0,17,0,2,1,17.0,1,1,11,-1.0,0.8333333333333334,6,4.0,0.5,0.5704697986577181
264,2023-10-27,22:00:00,СПбГУТ,2.0,1.0,2023,4,0,27,10,4,300,43,3,0,22,0,3,0,22.0,1,1,4,1.0,-0.25,12,-5.0,0.4166666666666667,0.5704697986577181
265,2023-11-03,20:40:00,Малоохтинский колледж,1.0,4.0,2023,4,0,3,11,4,307,44,3,0,20,40,3,0,20.666666666666668,1,1,27,-3.0,-2.0,2,-3.0,0.0,0.5704697986577181
266,2023-11-10,17:10:00,Университет ИТМО,1.0,0.0,2023,4,0,10,11,4,314,45,3,0,17,10,2,1,17.166666666666668,1,1,20,1.0,0.6,15,2.0,0.6,0.5704697986577181
267,2023-11-24,21:20:00,Горный университет,9.0,0.0,2023,4,0,24,11,4,328,47,3,0,21,20,3,0,21.333333333333332,1,1,6,9.0,2.4615384615384617,26,35.0,0.6153846153846154,0.5704697986577181
268,2023-12-08,20:10:00,РГПУ им. Герцена,0.0,2.0,2023,4,0,8,12,4,342,49,0,0,20,10,3,0,20.166666666666668,1,1,23,-2.0,0.3333333333333333,9,8.0,0.3333333333333333,-0.525
269,2023-12-15,17:10:00,СПбГЛТУ,7.0,0.0,2023,4,0,15,12,4,349,50,0,0,17,10,2,1,17.166666666666668,1,1,16,7.0,5.363636363636363,11,39.0,0.8181818181818182,-0.525
270,2023-12-22,18:20:00,ЛГУ им. Пушкина,4.0,6.0,2023,4,0,22,12,4,356,51,0,0,18,20,3,0,18.333333333333332,1,1,9,-2.0,-2.0,1,-2.0,0.0,-0.525
271,2020-09-05,18:00:00,Маштех,3.0,3.0,2020,5,1,5,9,3,249,36,3,0,18,0,3,0,18.0,1,0,25,0.0,0.0,1,0.0,0.0,0.5704697986577181
272,2020-09-09,18:00:00,Парус,1.0,1.0,2020,2,0,9,9,3,253,37,3,0,18,0,3,0,18.0,1,3,21,0.0,1.75,4,8.0,0.5,0.5704697986577181
273,2020-09-12,19:00:00,СТД Петрович,2.0,3.0,2020,5,1,12,9,3,256,37,3,0,19,0,3,0,19.0,1,0,18,-1.0,0.14285714285714285,7,1.0,0.2857142857142857,0.5704697986577181
274,2020-09-19,15:30:00,ФК Звезда,0.0,1.0,2020,5,1,19,9,3,263,38,3,0,15,30,2,1,15.5,1,0,11,-1.0,-0.3333333333333333,9,1.0,0.3333333333333333,0.5704697986577181
275,2020-09-20,14:00:00,СШ №2 ВО Звезда,2.0,1.0,2020,6,1,20,9,3,264,38,3,0,14,0,2,1,14.0,1,6,10,1.0,1.0,1,1.0,1.0,0.5704697986577181
276,2020-09-26,14:00:00,Максима,0.0,2.0,2020,5,1,26,9,3,270,39,3,0,14,0,2,1,14.0,1,0,4,-2.0,-2.3333333333333335,3,-7.0,0.0,0.5704697986577181
277,2020-09-30,20:00:00,Царское Село,2.0,0.0,2020,2,0,30,9,3,274,40,3,1,20,0,3,0,20.0,1,3,0,2.0,2.6,5,7.0,1.0,0.5704697986577181
278,2020-10-15,20:45:00,Ядро,1.0,3.0,2020,3,0,15,10,4,289,42,3,0,20,45,3,0,20.75,1,2,16,-2.0,-4.0,3,-12.0,0.0,0.5704697986577181
279,2020-10-18,14:00:00,Динамо,1.0,9.0,2020,6,1,18,10,4,292,42,3,0,14,0,2,1,14.0,1,6,13,-8.0,-8.0,1,-8.0,0.0,0.5704697986577181
280,2020-10-21,20:45:00,Нева-Легирус,1.0,4.0,2020,2,0,21,10,4,295,43,3,0,20,45,3,0,20.75,1,3,10,-3.0,-3.0,1,-3.0,0.0,0.5704697986577181
281,2020-10-25,14:00:00,Балтавто,2.0,1.0,2020,6,1,25,10,4,299,43,3,0,14,0,2,1,14.0,1,6,6,1.0,0.5,6,3.0,0.6666666666666666,0.5704697986577181
282,2020-10-30,19:45:00,Царское Село,4.0,0.0,2020,4,0,30,10,4,304,44,3,0,19,45,3,0,19.75,1,1,1,4.0,2.6,5,11.0,1.0,0.5704697986577181
283,2020-11-05,18:00:00,Парус,1.0,2.0,2020,3,0,5,11,4,310,45,3,0,18,0,3,0,18.0,1,2,25,-1.0,1.75,4,7.0,0.5,0.5704697986577181
284,2020-11-12,20:45:00,Балтавто,1.0,3.0,2020,3,0,12,11,4,317,46,3,0,20,45,3,0,20.75,1,2,18,-2.0,0.5,6,1.0,0.6666666666666666,0.5704697986577181
285,2018-09-29,18:00:00,СПбГАСУ,1.0,1.0,2018,5,1,29,9,3,272,39,3,0,18,0,3,0,18.0,1,0,1,0.0,-0.25,4,4.0,0.5,0.5704697986577181
286,2018-10-11,13:00:00,НГУ им. П.Ф. Лесгафта,1.0,1.0,2018,3,0,11,10,4,284,41,3,0,13,0,2,1,13.0,1,2,20,0.0,-0.5,10,-8.0,0.3,0.5704697986577181
287,2018-10-14,15:00:00,СПбГУПТД,2.0,1.0,2018,6,1,14,10,4,287,41,3,0,15,0,2,1,15.0,1,6,17,1.0,0.12,25,27.0,0.4,0.5704697986577181
288,2018-10-20,16:00:00,ГУМРФ,3.0,0.0,2018,5,1,20,10,4,293,42,3,0,16,0,2,1,16.0,1,0,11,3.0,5.416666666666667,12,62.0,0.8333333333333334,0.5704697986577181
289,2018-10-27,12:00:00,СПбГЭУ,8.0,0.0,2018,5,1,27,10,4,300,43,3,0,12,0,2,1,12.0,1,0,4,8.0,-1.0,9,-4.0,0.3333333333333333,0.5704697986577181
290,2018-11-03,16:00:00,СПбГУ,4.0,0.0,2018,5,1,3,11,4,307,44,3,0,16,0,2,1,16.0,1,0,27,4.0,1.0,11,6.0,0.6363636363636364,0.5704697986577181
291,2018-11-11,13:00:00,СПбГЛТУ,2.0,2.0,2018,6,1,11,11,4,315,45,3,0,13,0,2,1,13.0,1,6,19,0.0,5.363636363636363,11,39.0,0.8181818181818182,0.5704697986577181
292,2023-09-13,13:00:00,Университет ИТМО,7.0,0.0,2023,2,0,13,9,3,256,37,3,0,13,0,2,1,13.0,1,3,17,7.0,0.6,15,9.0,0.6,0.5704697986577181
293,2023-09-19,16:00:00,СПбГЛТУ,5.0,2.0,2023,1,0,19,9,3,262,38,3,0,16,0,2,1,16.0,1,4,11,3.0,5.363636363636363,11,42.0,0.8181818181818182,0.5704697986577181
294,2023-09-26,16:00:00,НГУ им. П.Ф. Лесгафта,3.0,0.0,2023,1,0,26,9,3,269,39,3,0,16,0,2,1,16.0,1,4,4,3.0,-0.5,10,-5.0,0.3,0.5704697986577181
295,2023-10-09,14:45:00,РГПУ им. А.И.Герцена,8.0,0.0,2023,0,0,9,10,4,282,41,3,0,14,45,2,1,14.75,1,5,22,8.0,-1.8333333333333333,6,-9.0,0.3333333333333333,0.5704697986577181
296,2023-10-12,13:45:00,НГУ им. П.Ф. Лесгафта,3.0,1.0,2023,3,0,12,10,4,285,41,3,0,13,45,2,1,13.75,1,2,19,2.0,-0.5,10,-3.0,0.3,0.5704697986577181
297,2023-10-18,14:30:00,Горный университет,2.0,0.0,2023,2,0,18,10,4,291,42,3,0,14,30,2,1,14.5,1,3,13,2.0,2.4615384615384617,26,37.0,0.6153846153846154,0.5704697986577181
298,2019-09-18,12:00:00,ГУМРФ,2.0,0.0,2019,2,0,18,9,3,261,38,3,0,12,0,2,1,12.0,1,3,12,2.0,5.416666666666667,12,64.0,0.8333333333333334,0.5704697986577181
299,2019-09-23,12:00:00,СПбГЭУ,7.0,2.0,2019,0,0,23,9,3,266,39,3,0,12,0,2,1,12.0,1,5,7,5.0,-1.0,9,1.0,0.3333333333333333,0.5704697986577181
300,2019-10-02,13:00:00,ПГУПС,10.0,0.0,2019,2,0,2,10,4,275,40,3,0,13,0,2,1,13.0,1,3,29,10.0,8.0,4,21.0,1.0,0.5704697986577181
301,2019-10-16,13:00:00,СПбГУПТД,0.0,3.0,2019,2,0,16,10,4,289,42,3,0,13,0,2,1,13.0,1,3,15,-3.0,0.12,25,24.0,0.4,0.5704697986577181
302,2019-10-23,13:00:00,НГУ им. Лесгафта,2.0,1.0,2019,2,0,23,10,4,296,43,3,0,13,0,2,1,13.0,1,3,8,1.0,0.8333333333333334,6,5.0,0.6666666666666666,0.5704697986577181
303,2019-11-06,14:00:00,СПбГУ,2.0,0.0,2019,2,0,6,11,4,310,45,3,0,14,0,2,1,14.0,1,3,24,2.0,1.0,11,8.0,0.6363636363636364,0.5704697986577181
304,2022-11-08,13:30:00,Университет ИТМО,4.0,3.0,2022,1,0,8,11,4,312,45,3,0,13,30,2,1,13.5,1,4,22,1.0,0.6,15,10.0,0.6,0.5704697986577181
305,2022-11-15,12:00:00,СПбГЭУ,3.0,8.0,2022,1,0,15,11,4,319,46,3,0,12,0,2,1,12.0,1,4,15,-5.0,-1.0,9,-4.0,0.3333333333333333,0.5704697986577181
306,2022-11-20,19:30:00,СПб Университет ГПС МЧС России,2.0,3.0,2022,6,1,20,11,4,324,46,3,0,19,30,3,0,19.5,1,6,10,-1.0,-0.75,4,2.0,0.25,0.5704697986577181
307,2022-11-23,11:00:00,ЛГУ им. А.С.Пушкина,6.0,9.0,2022,2,0,23,11,4,327,47,3,0,11,0,1,1,11.0,0,3,7,-3.0,-3.0,5,-8.0,0.0,0.5704697986577181
308,2022-11-28,10:35:00,НГУ им. П.Ф. Лесгафта,5.0,5.0,2022,0,0,28,11,4,332,48,3,0,10,35,1,1,10.583333333333334,0,5,2,0.0,-0.5,10,-3.0,0.3,0.5704697986577181
309,2022-12-07,12:30:00,Горный университет,1.0,3.0,2022,2,0,7,12,4,341,49,0,0,12,30,2,1,12.5,1,3,24,-2.0,2.4615384615384617,26,35.0,0.6153846153846154,-0.525
310,2022-12-13,13:30:00,"СПбГЭТУ ""ЛЭТИ""",2.0,3.0,2022,1,0,13,12,4,347,50,0,0,13,30,2,1,13.5,1,4,18,-1.0,0.0,3,-2.0,0.3333333333333333,-0.525
311,2022-12-21,11:00:00,СПбГУАП,7.0,4.0,2022,2,0,21,12,4,355,51,0,0,11,0,1,1,11.0,0,3,10,3.0,2.5,4,6.0,1.0,-0.525
312,2022-12-28,14:00:00,СПбГУПТД,0.0,9.0,2022,2,0,28,12,4,362,52,0,0,14,0,2,1,14.0,1,3,3,-9.0,0.12,25,15.0,0.4,-0.525
313,2023-02-08,14:00:00,Университет ИТМО,2.0,5.0,2023,2,0,8,2,1,39,6,0,0,14,0,2,1,14.0,1,3,20,-3.0,0.6,15,7.0,0.6,-0.525
314,2023-02-15,11:00:00,СПбГЭУ,3.0,8.0,2023,2,0,15,2,1,46,7,0,0,11,0,1,1,11.0,0,3,13,-5.0,-1.0,9,-9.0,0.3333333333333333,-0.525
315,2023-02-20,10:30:00,СПб Университет ГПС МЧС России,1.0,6.0,2023,0,0,20,2,1,51,8,0,0,10,30,1,1,10.5,0,5,8,-5.0,-0.75,4,-3.0,0.25,-0.525
316,2023-03-01,11:00:00,ЛГУ им. А.С.Пушкина,4.0,6.0,2023,2,0,1,3,1,60,9,1,1,11,0,1,1,11.0,0,3,30,-2.0,-3.0,5,-10.0,0.0,1.1627906976744187
317,2023-03-08,11:00:00,НГУ им. П.Ф. Лесгафта,9.0,7.0,2023,2,0,8,3,1,67,10,1,0,11,0,1,1,11.0,0,3,23,2.0,-0.5,10,-1.0,0.3,1.1627906976744187
318,2023-03-17,12:30:00,Горный университет,2.0,4.0,2023,4,0,17,3,1,76,11,1,0,12,30,2,1,12.5,1,1,14,-2.0,2.4615384615384617,26,33.0,0.6153846153846154,1.1627906976744187
319,2023-03-21,12:00:00,"СПбГЭТУ ""ЛЭТИ""",3.0,1.0,2023,1,0,21,3,1,80,12,1,0,12,0,2,1,12.0,1,4,10,2.0,0.0,3,0.0,0.3333333333333333,1.1627906976744187
320,2023-03-29,12:30:00,СПбГУАП,5.0,1.0,2023,2,0,29,3,1,88,13,1,0,12,30,2,1,12.5,1,3,2,4.0,2.5,4,10.0,1.0,1.1627906976744187
321,2023-04-04,13:30:00,СПбГУПТД,0.0,4.0,2023,1,0,4,4,2,94,14,1,0,13,30,2,1,13.5,1,4,26,-4.0,0.12,25,11.0,0.4,1.1627906976744187
322,2019-12-12,11:00:00,САФУ,3.0,4.0,2019,3,0,12,12,4,346,50,0,0,11,0,1,1,11.0,0,2,19,-1.0,-1.0,1,-1.0,0.0,-0.525
323,2019-12-26,20:00:00,Университет ИТМО,4.0,9.0,2019,3,0,26,12,4,360,52,0,0,20,0,3,0,20.0,1,2,5,-5.0,0.6,15,2.0,0.6,-0.525
324,2020-01-16,20:00:00,ПГУПС,16.0,5.0,2020,3,0,16,1,1,16,3,0,0,20,0,3,0,20.0,1,2,15,11.0,8.0,4,32.0,1.0,-0.525
325,2020-01-23,20:00:00,СПбГУПТД,3.0,5.0,2020,3,0,23,1,1,23,4,0,0,20,0,3,0,20.0,1,2,8,-2.0,0.12,25,9.0,0.4,-0.525
326,2020-01-30,21:30:00,Горный университет,4.0,6.0,2020,3,0,30,1,1,30,5,0,0,21,30,3,0,21.5,1,2,1,-2.0,2.4615384615384617,26,31.0,0.6153846153846154,-0.525
327,2020-02-20,20:00:00,Университет ИТМО,2.0,7.0,2020,3,0,20,2,1,51,8,0,0,20,0,3,0,20.0,1,2,9,-5.0,0.6,15,-3.0,0.6,-0.525
328,2020-02-27,20:30:00,Горный университет,5.0,5.0,2020,3,0,27,2,1,58,9,0,0,20,30,3,0,20.5,1,2,2,0.0,2.4615384615384617,26,31.0,0.6153846153846154,-0.525
329,2020-03-12,20:30:00,СПбГУПТД,0.0,2.0,2020,3,0,12,3,1,72,11,1,0,20,30,3,0,20.5,1,2,19,-2.0,0.12,25,7.0,0.4,1.1627906976744187
330,2023-05-23,21:00:00,СПбГЛТУ,8.0,0.0,2023,1,0,23,5,2,143,21,1,0,21,0,3,0,21.0,1,4,8,8.0,5.363636363636363,11,50.0,0.8181818181818182,1.1627906976744187
331,2023-06-02,19:50:00,Университет ИТМО,4.0,0.0,2023,4,0,2,6,2,153,22,2,0,19,50,3,0,19.833333333333332,1,1,28,4.0,0.6,15,1.0,0.6,0.7272727272727273
332,2023-06-06,18:30:00,СПбГУ,1.0,1.0,2023,1,0,6,6,2,157,23,2,0,18,30,3,0,18.5,1,4,24,0.0,1.0,11,8.0,0.6363636363636364,0.7272727272727273
333,2023-06-09,21:20:00,БГТУ ВОЕНМЕХ,1.0,3.0,2023,4,0,9,6,2,160,23,2,0,21,20,3,0,21.333333333333332,1,1,21,-2.0,0.8333333333333334,6,2.0,0.5,0.7272727272727273
334,2023-06-13,18:30:00,СПбГУТ,3.0,0.0,2023,1,0,13,6,2,164,24,2,0,18,30,3,0,18.5,1,4,17,3.0,-0.25,12,-2.0,0.4166666666666667,0.7272727272727273
335,2023-06-16,20:00:00,Горный университет,5.0,2.0,2023,4,0,16,6,2,167,24,2,0,20,0,3,0,20.0,1,1,14,3.0,2.4615384615384617,26,34.0,0.6153846153846154,0.7272727272727273
336,2023-06-23,20:00:00,РГПУ им. Герцена,1.0,2.0,2023,4,0,23,6,2,174,25,2,0,20,0,3,0,20.0,1,1,7,-1.0,0.3333333333333333,9,7.0,0.3333333333333333,0.7272727272727273
337,2024-09-29,15:15:00,СШОР №2 Невского района- Кристалл,1.0,4.0,2024,6,1,29,9,3,273,39,3,0,15,15,2,1,15.25,1,6,1,-3.0,-3.0,1,-3.0,0.0,0.5704697986577181
338,2024-10-06,16:30:00,Футболика,0.0,3.0,2024,6,1,6,10,4,280,40,3,0,16,30,2,1,16.5,1,6,25,-3.0,-1.0,2,-3.0,0.5,0.5704697986577181
339,2024-10-13,14:00:00,Бутса,0.0,10.0,2024,6,1,13,10,4,287,41,3,0,14,0,2,1,14.0,1,6,18,-10.0,-6.0,4,-24.0,0.0,0.5704697986577181
340,2024-10-20,13:20:00,СПбГУТ,2.0,0.0,2024,6,1,20,10,4,294,42,3,0,13,20,2,1,13.333333333333334,1,6,11,2.0,-0.25,12,0.0,0.4166666666666667,0.5704697986577181
341,2024-10-27,13:20:00,Футболика,3.0,2.0,2024,6,1,27,10,4,301,43,3,0,13,20,2,1,13.333333333333334,1,6,4,1.0,-1.0,2,-2.0,0.5,0.5704697986577181
342,2019-12-08,14:00:00,Московская Застава-Д,4.0,0.0,2019,6,1,8,12,4,342,49,0,0,14,0,2,1,14.0,1,6,23,4.0,4.0,1,4.0,1.0,-0.525
343,2019-12-15,17:00:00,ФК Звезда,1.0,3.0,2019,6,1,15,12,4,349,50,0,0,17,0,2,1,17.0,1,6,16,-2.0,-0.3333333333333333,9,-1.0,0.3333333333333333,-0.525
344,2019-12-22,14:00:00,СШ Петроградского района - Динамо U-17,5.0,2.0,2019,6,1,22,12,4,356,51,0,0,14,0,2,1,14.0,1,6,9,3.0,3.0,1,3.0,1.0,-0.525
345,2019-12-29,15:30:00,Феникс,4.0,1.0,2019,6,1,29,12,4,363,52,0,0,15,30,2,1,15.5,1,6,2,3.0,3.0,2,6.0,1.0,-0.525
346,2020-01-12,14:30:00,Алмаз-Антей U-21,1.0,1.0,2020,6,1,12,1,1,12,2,0,0,14,30,2,1,14.5,1,6,19,0.0,-1.0,2,-2.0,0.0,-0.525
347,2020-01-19,14:30:00,Коломяги (ШИ №357),1.0,0.0,2020,6,1,19,1,1,19,3,0,0,14,30,2,1,14.5,1,6,12,1.0,1.0,1,1.0,1.0,-0.525
348,2020-01-26,10:00:00,СШ №2 ВО Звезда-Д,2.0,2.0,2020,6,1,26,1,1,26,4,0,0,10,0,1,1,10.0,0,6,5,0.0,0.0,1,0.0,0.0,-0.525
349,2020-02-01,11:00:00,Московская Застава,0.0,1.0,2020,5,1,1,2,1,32,5,0,1,11,0,1,1,11.0,0,0,28,-1.0,-1.0,1,-1.0,0.0,-0.525
350,2020-02-16,16:00:00,С.П.Б. К.Л.С.,1.0,2.0,2020,6,1,16,2,1,47,7,0,0,16,0,2,1,16.0,1,6,13,-1.0,-1.0,4,0.0,0.25,-0.525
351,2020-02-29,20:00:00,Балтавто,3.0,1.0,2020,5,1,29,2,1,60,9,0,1,20,0,3,0,20.0,1,0,0,2.0,0.5,6,3.0,0.6666666666666666,-0.525
352,2020-03-08,14:30:00,ФК Звезда,2.0,0.0,2020,6,1,8,3,1,68,10,1,0,14,30,2,1,14.5,1,6,23,2.0,-0.3333333333333333,9,1.0,0.3333333333333333,1.1627906976744187
353,2023-05-27,21:00:00,Легирус-Нева,2.0,1.0,2023,5,1,27,5,2,147,21,1,0,21,0,3,0,21.0,1,0,4,1.0,1.0,2,1.0,1.0,1.1627906976744187
354,2023-06-03,16:00:00,С.П.Б. К.Л.С.,0.0,0.0,2023,5,1,3,6,2,154,22,2,0,16,0,2,1,16.0,1,0,27,0.0,-1.0,4,0.0,0.25,0.7272727272727273
355,2023-06-09,20:45:00,Гидроэр,0.0,0.0,2023,4,0,9,6,2,160,23,2,0,20,45,3,0,20.75,1,1,21,0.0,0.0,1,0.0,0.0,0.7272727272727273
356,2023-06-17,16:00:00,ФК Константиновское-д,3.0,2.0,2023,5,1,17,6,2,168,24,2,0,16,0,2,1,16.0,1,0,13,1.0,1.0,1,1.0,1.0,0.7272727272727273
357,2023-06-24,17:00:00,Победа - АРМЕД,11.0,1.0,2023,5,1,24,6,2,175,25,2,0,17,0,2,1,17.0,1,0,6,10.0,10.0,1,10.0,1.0,0.7272727272727273
358,2023-07-01,16:00:00,Максима-Нева-д,3.0,2.0,2023,5,1,1,7,3,182,26,2,1,16,0,2,1,16.0,1,0,30,1.0,1.0,1,1.0,1.0,0.7272727272727273
359,2023-07-08,20:00:00,Самсон,4.0,3.0,2023,5,1,8,7,3,189,27,2,0,20,0,3,0,20.0,1,0,23,1.0,0.3333333333333333,3,-1.0,0.6666666666666666,0.7272727272727273
360,2023-07-14,20:30:00,Дружба,4.0,0.0,2023,4,0,14,7,3,195,28,2,0,20,30,3,0,20.5,1,1,17,4.0,4.0,1,4.0,1.0,0.7272727272727273
361,2023-07-22,16:00:00,ВЕЗУ,2.0,2.0,2023,5,1,22,7,3,203,29,2,0,16,0,2,1,16.0,1,0,9,0.0,0.4,5,5.0,0.4,0.7272727272727273
362,2023-08-18,19:30:00,Авангард-д,0.0,4.0,2023,4,0,18,8,3,230,33,2,0,19,30,3,0,19.5,1,1,13,-4.0,-2.0,2,-4.0,0.0,0.7272727272727273
363,2023-08-26,16:00:00,Царское Село,3.0,1.0,2023,5,1,26,8,3,238,34,2,0,16,0,2,1,16.0,1,0,5,2.0,2.6,5,13.0,1.0,0.7272727272727273
364,2023-09-01,19:15:00,СШ Петроградского района - Динамо,2.0,2.0,2023,4,0,1,9,3,244,35,3,1,19,15,3,0,19.25,1,1,29,0.0,0.0,1,0.0,0.0,0.5704697986577181
365,2023-09-03,19:00:00,РВЧеллендж,4.0,1.0,2023,6,1,3,9,3,246,35,3,0,19,0,3,0,19.0,1,6,27,3.0,-1.5,4,-5.0,0.25,0.5704697986577181
366,2023-09-09,19:00:00,С.П.Б. К.Л.С.,0.0,4.0,2023,5,1,9,9,3,252,36,3,0,19,0,3,0,19.0,1,0,21,-4.0,-1.0,4,-4.0,0.25,0.5704697986577181
367,2023-09-16,16:00:00,РВЧеллендж,1.0,2.0,2023,5,1,16,9,3,259,37,3,0,16,0,2,1,16.0,1,0,14,-1.0,-1.5,4,-6.0,0.25,0.5704697986577181
368,2023-09-23,20:30:00,Авангард-д,5.0,5.0,2023,5,1,23,9,3,266,38,3,0,20,30,3,0,20.5,1,0,7,0.0,-2.0,2,-4.0,0.0,0.5704697986577181
369,2023-10-14,16:00:00,Легирус-Нева,2.0,1.0,2023,5,1,14,10,4,287,41,3,0,16,0,2,1,16.0,1,0,17,1.0,1.0,2,2.0,1.0,0.5704697986577181
370,2023-10-17,19:00:00,ВЕЗУ,0.0,3.0,2023,1,0,17,10,4,290,42,3,0,19,0,3,0,19.0,1,4,14,-3.0,0.4,5,2.0,0.4,0.5704697986577181
371,2023-10-21,21:00:00,Самсон,4.0,2.0,2023,5,1,21,10,4,294,42,3,0,21,0,3,0,21.0,1,0,10,2.0,0.3333333333333333,3,1.0,0.6666666666666666,0.5704697986577181
372,2018-12-01,10:00:00,ФК КФ,0.0,3.0,2018,5,1,1,12,4,335,48,0,1,10,0,1,1,10.0,0,0,30,-3.0,0.0,3,0.0,0.3333333333333333,-0.525
373,2018-12-09,14:30:00,Победа-АРМЕД,6.0,2.0,2018,6,1,9,12,4,343,49,0,0,14,30,2,1,14.5,1,6,22,4.0,4.0,2,4.0,1.0,-0.525
374,2018-12-16,13:00:00,Алгоритм,1.0,5.0,2018,6,1,16,12,4,350,50,0,0,13,0,2,1,13.0,1,6,15,-4.0,-2.0,3,-6.0,0.3333333333333333,-0.525
375,2018-12-23,13:00:00,СШ №2 ВО Звезда U-21-1,1.0,2.0,2018,6,1,23,12,4,357,51,0,0,13,0,2,1,13.0,1,6,8,-1.0,-1.0,1,-1.0,0.0,-0.525
376,2019-01-12,13:00:00,Московская Застава U-21,3.0,3.0,2019,5,1,12,1,1,12,2,0,0,13,0,2,1,13.0,1,0,19,0.0,-1.0,2,-2.0,0.0,-0.525
377,2019-01-20,14:30:00,СШОР Зенит U-17,0.0,0.0,2019,6,1,20,1,1,20,3,0,0,14,30,2,1,14.5,1,6,11,0.0,-0.5,2,0.0,0.0,-0.525
378,2019-01-27,11:30:00,ФК Звезда,1.0,5.0,2019,6,1,27,1,1,27,4,0,0,11,30,1,1,11.5,0,6,4,-4.0,-0.3333333333333333,9,-3.0,0.3333333333333333,-0.525
379,2019-02-02,10:00:00,Ленинград,6.0,0.0,2019,5,1,2,2,1,33,5,0,0,10,0,1,1,10.0,0,0,26,6.0,6.0,1,6.0,1.0,-0.525
380,2019-02-09,11:30:00,Выборжанин-Город U-21,1.0,0.0,2019,5,1,9,2,1,40,6,0,0,11,30,1,1,11.5,0,0,19,1.0,1.0,1,1.0,1.0,-0.525
381,2019-02-16,13:00:00,Победа-АРМЕД,4.0,0.0,2019,5,1,16,2,1,47,7,0,0,13,0,2,1,13.0,1,0,12,4.0,4.0,2,8.0,1.0,-0.525
382,2019-02-24,10:00:00,СШОР Зенит U-17,0.0,1.0,2019,6,1,24,2,1,55,8,0,0,10,0,1,1,10.0,0,6,4,-1.0,-0.5,2,-1.0,0.0,-0.525
383,2024-11-10,10:40:00,АСГАРД,1.0,2.0,2024,6,1,10,11,4,315,45,3,0,10,40,1,1,10.666666666666666,0,6,20,-1.0,-1.0,1,-1.0,0.0,0.5704697986577181
384,2024-11-17,14:40:00,Форсаж-ГУТ,0.0,2.0,2024,6,1,17,11,4,322,46,3,0,14,40,2,1,14.666666666666666,1,6,13,-2.0,-2.0,1,-2.0,0.0,0.5704697986577181
385,2022-10-14,18:10:00,СПбГЛТУ,4.0,0.0,2022,4,0,14,10,4,287,41,3,0,18,10,3,0,18.166666666666668,1,1,17,4.0,5.363636363636363,11,54.0,0.8181818181818182,0.5704697986577181
386,2022-10-21,17:00:00,ЛГУ им. А.С.Пушкина,1.0,6.0,2022,4,0,21,10,4,294,42,3,0,17,0,2,1,17.0,1,1,10,-5.0,-3.0,5,-15.0,0.0,0.5704697986577181
387,2022-10-28,18:10:00,Горный университет,14.0,2.0,2022,4,0,28,10,4,301,43,3,0,18,10,3,0,18.166666666666668,1,1,3,12.0,2.4615384615384617,26,46.0,0.6153846153846154,0.5704697986577181
388,2022-11-05,10:00:00,Малоохтинский колледж,0.0,1.0,2022,5,1,5,11,4,309,44,3,0,10,0,1,1,10.0,0,0,25,-1.0,-2.0,2,-4.0,0.0,0.5704697986577181
389,2022-11-18,20:30:00,СПбГУТ,1.0,3.0,2022,4,0,18,11,4,322,46,3,0,20,30,3,0,20.5,1,1,12,-2.0,-0.25,12,-2.0,0.4166666666666667,0.5704697986577181
390,2022-11-25,18:10:00,Университет ИТМО,6.0,1.0,2022,4,0,25,11,4,329,47,3,0,18,10,3,0,18.166666666666668,1,1,5,5.0,0.6,15,6.0,0.6,0.5704697986577181
391,2022-12-02,21:40:00,"БГТУ ""ВОЕНМЕХ""",0.0,2.0,2022,4,0,2,12,4,336,48,0,0,21,40,3,0,21.666666666666668,1,1,29,-2.0,0.6,5,2.0,0.4,-0.525
392,2022-12-09,21:40:00,СПбГУ,1.0,3.0,2022,4,0,9,12,4,343,49,0,0,21,40,3,0,21.666666666666668,1,1,22,-2.0,1.0,11,6.0,0.6363636363636364,-0.525
393,2022-12-16,21:40:00,РГПУ им. А.И.Герцена,1.0,3.0,2022,4,0,16,12,4,350,50,0,0,21,40,3,0,21.666666666666668,1,1,15,-2.0,-1.8333333333333333,6,-11.0,0.3333333333333333,-0.525
394,2022-09-23,15:00:00,СПбГУ,6.0,0.0,2022,4,0,23,9,3,266,38,3,0,15,0,2,1,15.0,1,1,7,6.0,1.0,11,12.0,0.6363636363636364,0.5704697986577181
395,2022-09-30,15:00:00,"БГТУ ""ВОЕНМЕХ""",2.0,1.0,2022,4,0,30,9,3,273,39,3,1,15,0,2,1,15.0,1,1,0,1.0,0.6,5,3.0,0.4,0.5704697986577181
396,2022-10-03,16:45:00,Горный университет,7.0,2.0,2022,0,0,3,10,4,276,40,3,0,16,45,2,1,16.75,1,5,28,5.0,2.4615384615384617,26,51.0,0.6153846153846154,0.5704697986577181
397,2022-10-11,15:00:00,СПбГУПТД,2.0,4.0,2022,1,0,11,10,4,284,41,3,0,15,0,2,1,15.0,1,4,20,-2.0,0.12,25,5.0,0.4,0.5704697986577181
398,2021-05-24,14:00:00,ГУМРФ,2.0,1.0,2021,0,0,24,5,2,144,21,1,0,14,0,2,1,14.0,1,5,7,1.0,5.416666666666667,12,65.0,0.8333333333333334,1.1627906976744187
399,2021-05-31,16:00:00,СПбГУПТД,0.0,4.0,2021,0,0,31,5,2,151,22,1,1,16,0,2,1,16.0,1,5,0,-4.0,0.12,25,1.0,0.4,1.1627906976744187
400,2021-06-10,15:30:00,Горный университет,3.0,2.0,2021,3,0,10,6,2,161,23,2,0,15,30,2,1,15.5,1,2,20,1.0,2.4615384615384617,26,52.0,0.6153846153846154,0.7272727272727273
401,2021-06-14,17:30:00,НГУ им. П.Ф. Лесгафта,1.0,1.0,2021,0,0,14,6,2,165,24,2,0,17,30,2,1,17.5,1,5,16,0.0,-0.5,10,-1.0,0.3,0.7272727272727273
402,2021-06-21,17:30:00,Университет ИТМО,4.0,1.0,2021,0,0,21,6,2,172,25,2,0,17,30,2,1,17.5,1,5,9,3.0,0.6,15,9.0,0.6,0.7272727272727273
403,2020-02-18,19:00:00,ГУМРФ,4.0,4.0,2020,1,0,18,2,1,49,8,0,0,19,0,3,0,19.0,1,4,11,0.0,5.416666666666667,12,65.0,0.8333333333333334,-0.525
404,2020-02-25,17:30:00,СПбГУ,12.0,5.0,2020,1,0,25,2,1,56,9,0,0,17,30,2,1,17.5,1,4,4,7.0,1.0,11,19.0,0.6363636363636364,-0.525
405,2020-03-04,18:00:00,Университет ИТМО,4.0,4.0,2020,2,0,4,3,1,64,10,1,0,18,0,3,0,18.0,1,3,27,0.0,0.6,15,9.0,0.6,1.1627906976744187
406,2020-03-10,17:30:00,СПбГУПТД,0.0,0.0,2020,1,0,10,3,1,70,11,1,0,17,30,2,1,17.5,1,4,21,0.0,0.12,25,1.0,0.4,1.1627906976744187
407,2021-09-14,19:00:00,Горный университет,3.0,0.0,2021,1,0,14,9,3,257,37,3,0,19,0,3,0,19.0,1,4,16,3.0,2.4615384615384617,26,55.0,0.6153846153846154,0.5704697986577181
408,2021-09-25,16:45:00,СПбГУТ,3.0,1.0,2021,5,1,25,9,3,268,38,3,0,16,45,2,1,16.75,1,0,5,2.0,-0.25,12,0.0,0.4166666666666667,0.5704697986577181
409,2021-09-28,19:00:00,СПбГУПТД,1.0,3.0,2021,1,0,28,9,3,271,39,3,0,19,0,3,0,19.0,1,4,2,-2.0,0.12,25,-1.0,0.4,0.5704697986577181
410,2021-10-09,15:00:00,НГУ им. П.Ф. Лесгафта,1.0,5.0,2021,5,1,9,10,4,282,40,3,0,15,0,2,1,15.0,1,0,22,-4.0,-0.5,10,-5.0,0.3,0.5704697986577181
411,2022-05-17,17:00:00,СЗИУ РАНХиГС,5.0,1.0,2022,1,0,17,5,2,137,20,1,0,17,0,2,1,17.0,1,4,14,4.0,0.4,5,9.0,0.6,1.1627906976744187
412,2022-05-24,18:15:00,СПбГЛТУ,5.0,0.0,2022,1,0,24,5,2,144,21,1,0,18,15,3,0,18.25,1,4,7,5.0,5.363636363636363,11,59.0,0.8181818181818182,1.1627906976744187
413,2022-05-28,10:00:00,Горный университет,3.0,0.0,2022,5,1,28,5,2,148,21,1,0,10,0,1,1,10.0,0,0,3,3.0,2.4615384615384617,26,58.0,0.6153846153846154,1.1627906976744187
414,2022-05-31,18:15:00,БГТУ Военмех,2.0,4.0,2022,1,0,31,5,2,151,22,1,1,18,15,3,0,18.25,1,4,0,-2.0,-1.0,2,-2.0,0.0,1.1627906976744187
415,2022-06-07,18:15:00,СПбГУ,0.0,8.0,2022,1,0,7,6,2,158,23,2,0,18,15,3,0,18.25,1,4,23,-8.0,1.0,11,11.0,0.6363636363636364,0.7272727272727273
416,2022-06-14,18:15:00,СПбГУТ,1.0,4.0,2022,1,0,14,6,2,165,24,2,0,18,15,3,0,18.25,1,4,16,-3.0,-0.25,12,-3.0,0.4166666666666667,0.7272727272727273
417,2022-06-21,18:15:00,РГПУ им. Герцена,0.0,3.0,2022,1,0,21,6,2,172,25,2,0,18,15,3,0,18.25,1,4,9,-3.0,0.3333333333333333,9,4.0,0.3333333333333333,0.7272727272727273
418,2023-05-23,14:45:00,НГУ им. Лесгафта,2.0,2.0,2023,1,0,23,5,2,143,21,1,0,14,45,2,1,14.75,1,4,8,0.0,0.8333333333333334,6,5.0,0.6666666666666666,1.1627906976744187
419,2023-06-06,15:00:00,БГТУ ВОЕНМЕХ,4.0,1.0,2023,1,0,6,6,2,157,23,2,0,15,0,2,1,15.0,1,4,24,3.0,0.8333333333333334,6,5.0,0.5,0.7272727272727273
420,2023-06-13,16:45:00,Горный университет,6.0,0.0,2023,1,0,13,6,2,164,24,2,0,16,45,2,1,16.75,1,4,17,6.0,2.4615384615384617,26,64.0,0.6153846153846154,0.7272727272727273
421,2023-06-18,19:00:00,СПбГУПТД,1.0,2.0,2023,6,1,18,6,2,169,24,2,0,19,0,3,0,19.0,1,6,12,-1.0,0.12,25,-2.0,0.4,0.7272727272727273
422,2023-06-22,15:45:00,РГПУ им. Герцена,2.0,3.0,2023,3,0,22,6,2,173,25,2,0,15,45,2,1,15.75,1,2,8,-1.0,0.3333333333333333,9,3.0,0.3333333333333333,0.7272727272727273
423,2018-10-04,18:30:00,СПбГУГА,4.0,4.0,2018,3,0,4,10,4,277,40,3,0,18,30,3,0,18.5,1,2,27,0.0,0.0,1,0.0,0.0,0.5704697986577181
424,2018-10-08,18:30:00,ПСПбГМУ,5.0,0.0,2018,0,0,8,10,4,281,41,3,0,18,30,3,0,18.5,1,5,23,5.0,9.666666666666666,3,29.0,1.0,0.5704697986577181
425,2018-10-15,18:30:00,СПбГАСУ,0.0,5.0,2018,0,0,15,10,4,288,42,3,0,18,30,3,0,18.5,1,5,16,-5.0,-0.25,4,-1.0,0.5,0.5704697986577181
426,2018-10-25,18:30:00,СЗИУ РАНХиГС,3.0,10.0,2018,3,0,25,10,4,298,43,3,0,18,30,3,0,18.5,1,2,6,-7.0,0.4,5,2.0,0.6,0.5704697986577181
427,2018-10-29,18:30:00,СПбГУПТД,5.0,0.0,2018,0,0,29,10,4,302,44,3,0,18,30,3,0,18.5,1,5,2,5.0,0.12,25,3.0,0.4,0.5704697986577181
428,2018-11-05,18:30:00,НИУ ВШЭ,4.0,5.0,2018,0,0,5,11,4,309,45,3,0,18,30,3,0,18.5,1,5,25,-1.0,-1.0,1,-1.0,0.0,0.5704697986577181
429,2018-11-14,20:00:00,СПбГАУ,1.0,4.0,2018,2,0,14,11,4,318,46,3,0,20,0,3,0,20.0,1,3,16,-3.0,0.6666666666666666,3,2.0,0.6666666666666666,0.5704697986577181
430,2018-11-19,18:30:00,СПбГТИ (ТУ),8.0,1.0,2018,0,0,19,11,4,323,47,3,0,18,30,3,0,18.5,1,5,11,7.0,7.0,1,7.0,1.0,0.5704697986577181
431,2018-11-30,20:30:00,СПбГЭТУ ЛЭТИ,2.0,4.0,2018,4,0,30,11,4,334,48,3,1,20,30,3,0,20.5,1,1,0,-2.0,-1.0,6,-6.0,0.0,0.5704697986577181
